"country","city","routeFrom","routeTo","vehicleType","fixedPrice","currency","source","notes","reason"
"Cyprus","Orchid","Larnaca Airport (LCA)","Orchid","Standard class car","72","EUR","base_price_xlsx","pax:3","excluded_from_place_list"
"Egypt","FUN&SUN FAMILY Albatros Palace","Sharm el-Sheikh International Airport (SSH)","FUN&SUN FAMILY Albatros Palace","Standard minivan 8 pax","21","EUR","base_price_xlsx","pax:8","excluded_from_place_list"
"Egypt","Grand Rotana Resort","Sharm el-Sheikh International Airport (SSH)","Grand Rotana Resort","Business class car","80","EUR","base_price_xlsx","pax:3","excluded_from_place_list"
"Egypt","Grand Rotana Resort","Sharm el-Sheikh International Airport (SSH)","Grand Rotana Resort","Standard e-vehicle 3 pax","80","EUR","base_price_xlsx","pax:3","excluded_from_place_list"
"Norway","Hafjell (ski resort)","Oslo Gardermoen Airport (OSL)","Hafjell (ski resort)","Standard class car","455","EUR","base_price_xlsx","pax:3","excluded_from_place_list"
"Seychelles","Seychelles","Seychelles International Airport (SEZ)","Seychelles","Standard MPV","24","EUR","base_price_xlsx","pax:5","excluded_from_place_list"
"Thailand","Aleenta Phuket Phang Nga + NaTai","Phuket International Airport (HKT)","Aleenta Phuket Phang Nga + NaTai","Business class car","88","EUR","base_price_xlsx","pax:3","excluded_from_place_list"
"Thailand","Aleenta Phuket Phang Nga + NaTai","Phuket International Airport (HKT)","Aleenta Phuket Phang Nga + NaTai","First class car","159","EUR","base_price_xlsx","pax:3","excluded_from_place_list"
"Thailand","Aleenta Phuket Phang Nga + NaTai","Phuket International Airport (HKT)","Aleenta Phuket Phang Nga + NaTai","Standard class car","35","EUR","base_price_xlsx","pax:3","excluded_from_place_list"
"Thailand","Aleenta Phuket Phang Nga + NaTai","Phuket International Airport (HKT)","Aleenta Phuket Phang Nga + NaTai","Standard minivan 8 pax","52","EUR","base_price_xlsx","pax:8","excluded_from_place_list"
"Thailand","Anantara Bophut Koh Samui Resort","Samui International Airport (USM)","Anantara Bophut Koh Samui Resort","Standard class car","20","EUR","base_price_xlsx","pax:3","excluded_from_place_list"
"Thailand","Conrad Hotel Samui","Koh Samui - Mae Nam Port (Surat Thani )","Conrad Hotel Samui","Standard class car","35","EUR","base_price_xlsx","pax:3","excluded_from_place_list"
"Thailand","Conrad Hotel Samui","Koh Samui - Mae Nam Port (Surat Thani )","Conrad Hotel Samui","Standard minivan 7 pax","58","EUR","base_price_xlsx","pax:7","excluded_from_place_list"
"Thailand","Conrad Hotel Samui","Samui International Airport (USM)","Conrad Hotel Samui","Business class car","118","EUR","base_price_xlsx","pax:3","excluded_from_place_list"
"Thailand","Conrad Hotel Samui","Samui International Airport (USM)","Conrad Hotel Samui","Businessvan 6 pax","109","EUR","base_price_xlsx","pax:6","excluded_from_place_list"
"Thailand","Conrad Hotel Samui","Samui International Airport (USM)","Conrad Hotel Samui","Standard Minibus 9pax","65","EUR","base_price_xlsx","pax:9","excluded_from_place_list"
"Thailand","Conrad Hotel Samui","Samui International Airport (USM)","Conrad Hotel Samui","Standard class car","45","EUR","base_price_xlsx","pax:3","excluded_from_place_list"
"Thailand","Conrad Hotel Samui","Samui International Airport (USM)","Conrad Hotel Samui","Standard minivan 6 pax","59","EUR","base_price_xlsx","pax:6","excluded_from_place_list"
"Thailand","Element Boutique","Koh Samui - Mae Nam Port (Surat Thani )","Element Boutique","Standard class car","35","EUR","base_price_xlsx","pax:3","excluded_from_place_list"
"Thailand","Element Boutique","Koh Samui - Mae Nam Port (Surat Thani )","Element Boutique","Standard minivan 7 pax","58","EUR","base_price_xlsx","pax:7","excluded_from_place_list"
"Thailand","Element Boutique","Samui International Airport (USM)","Element Boutique","Business class car","118","EUR","base_price_xlsx","pax:3","excluded_from_place_list"
"Thailand","Element Boutique","Samui International Airport (USM)","Element Boutique","Businessvan 6 pax","109","EUR","base_price_xlsx","pax:6","excluded_from_place_list"
"Thailand","Element Boutique","Samui International Airport (USM)","Element Boutique","Standard Minibus 9pax","65","EUR","base_price_xlsx","pax:9","excluded_from_place_list"
"Thailand","Element Boutique","Samui International Airport (USM)","Element Boutique","Standard class car","45","EUR","base_price_xlsx","pax:3","excluded_from_place_list"
"Thailand","Element Boutique","Samui International Airport (USM)","Element Boutique","Standard minivan 6 pax","59","EUR","base_price_xlsx","pax:6","excluded_from_place_list"
"Thailand","Emerald Lake Hotel Thailand","Krabi International Airport (KBV)","Emerald Lake Hotel Thailand","Standard Minibus 9pax","131","EUR","base_price_xlsx","pax:9","excluded_from_place_list"
"Thailand","Emerald Lake Hotel Thailand","Krabi International Airport (KBV)","Emerald Lake Hotel Thailand","Standard class car","131","EUR","base_price_xlsx","pax:3","excluded_from_place_list"
"Thailand","Hot Waterfall Hotel/ Hot Stream Krabi Thailand","Krabi International Airport (KBV)","Hot Waterfall Hotel/ Hot Stream Krabi Thailand","Standard Minibus 9pax","131","EUR","base_price_xlsx","pax:9","excluded_from_place_list"
"Thailand","Hot Waterfall Hotel/ Hot Stream Krabi Thailand","Krabi International Airport (KBV)","Hot Waterfall Hotel/ Hot Stream Krabi Thailand","Standard class car","131","EUR","base_price_xlsx","pax:3","excluded_from_place_list"
"Thailand","Phuket Island to delete","Krabi International Airport (KBV)","Phuket Island to delete","Standard class car","96","EUR","base_price_xlsx","pax:3","excluded_from_place_list"
"Thailand","Phuket Island to delete","Krabi International Airport (KBV)","Phuket Island to delete","Standard minivan 8 pax","115","EUR","base_price_xlsx","pax:8","excluded_from_place_list"
"Thailand","Phuket Island to delete","Phuket International Airport (HKT)","Phuket Island to delete","Standard class car","25","EUR","base_price_xlsx","pax:3","excluded_from_place_list"
"Thailand","Phuket Island to delete","Phuket International Airport (HKT)","Phuket Island to delete","Standard minivan 8 pax","35","EUR","base_price_xlsx","pax:8","excluded_from_place_list"
"Thailand","Phuket Island to delete","Surat Thani Airport (URT)","Phuket Island to delete","Standard class car","155","EUR","base_price_xlsx","pax:3","excluded_from_place_list"
"Thailand","Phuket Island to delete","Surat Thani Airport (URT)","Phuket Island to delete","Standard minivan 8 pax","175","EUR","base_price_xlsx","pax:8","excluded_from_place_list"
"Thailand","Phuket Island to delete","Trang Airport (TST)","Phuket Island to delete","Standard class car","165","EUR","base_price_xlsx","pax:3","excluded_from_place_list"
"Thailand","Phuket Island to delete","Trang Airport (TST)","Phuket Island to delete","Standard minivan 8 pax","185","EUR","base_price_xlsx","pax:8","excluded_from_place_list"
"Turkey","Istanbul","Istanbul","Disposal up to 8 hours / 100 km within Istanbul","Standard Minibus 13pax","326","EUR","manual","source=manual:transferofis-istanbul-sales-eur-2026-05-06
netSource=manual:transferofis-istanbul-usd-price-list
net=293.45 USD
fxUsdEur=0.8535
markup=30%
supplier=Transferofis
manager=Murat Ozbek
driverRouteId=cmotnwzg10033fx0hsg0vsdyd
sourceChannel=whatsapp; priceListReceivedAt=2026-05-05; sender=Murat Ozbek; supplier=Transferofis","excluded_from_place_list"
"Turkey","Istanbul","Istanbul","Disposal up to 8 hours / 100 km within Istanbul","Standard minivan 6 pax","270","EUR","manual","source=manual:transferofis-istanbul-sales-eur-2026-05-06
netSource=manual:transferofis-istanbul-usd-price-list
net=242.86 USD
fxUsdEur=0.8535
markup=30%
supplier=Transferofis
manager=Murat Ozbek
driverRouteId=cmotnwzfz0031fx0hzo9w4o21
sourceChannel=whatsapp; priceListReceivedAt=2026-05-05; sender=Murat Ozbek; supplier=Transferofis","excluded_from_place_list"
"Turkey","Istanbul","Istanbul","Full day disposal up to 12 hours / 120 km classic Istanbul tour","Standard Minibus 13pax","384","EUR","manual","source=manual:transferofis-istanbul-sales-eur-2026-05-06
netSource=manual:transferofis-istanbul-usd-price-list
net=345.24 USD
fxUsdEur=0.8535
markup=30%
supplier=Transferofis
manager=Murat Ozbek
driverRouteId=cmotnwzg50037fx0ht0cak0rj
sourceChannel=whatsapp; priceListReceivedAt=2026-05-05; sender=Murat Ozbek; supplier=Transferofis","excluded_from_place_list"
"Turkey","Istanbul","Istanbul","Full day disposal up to 12 hours / 120 km classic Istanbul tour","Standard minivan 6 pax","286","EUR","manual","source=manual:transferofis-istanbul-sales-eur-2026-05-06
netSource=manual:transferofis-istanbul-usd-price-list
net=257.14 USD
fxUsdEur=0.8535
markup=30%
supplier=Transferofis
manager=Murat Ozbek
driverRouteId=cmotnwzg30035fx0hix9f3wmb
sourceChannel=whatsapp; priceListReceivedAt=2026-05-05; sender=Murat Ozbek; supplier=Transferofis","excluded_from_place_list"
"United Arab Emirates","Bab Al Shams Desert Resor, Dubai","Dubai international Airport (DXB)","Bab Al Shams Desert Resor, Dubai","Business class car","178","EUR","base_price_xlsx","pax:3","excluded_from_place_list"
"United Arab Emirates","Bab Al Shams Desert Resor, Dubai","Dubai international Airport (DXB)","Bab Al Shams Desert Resor, Dubai","Businessvan 5 pax","104","EUR","base_price_xlsx","pax:5","excluded_from_place_list"
"United Arab Emirates","Bab Al Shams Desert Resor, Dubai","Dubai international Airport (DXB)","Bab Al Shams Desert Resor, Dubai","First class car","208","EUR","base_price_xlsx","pax:3","excluded_from_place_list"
"United Arab Emirates","Bab Al Shams Desert Resor, Dubai","Dubai international Airport (DXB)","Bab Al Shams Desert Resor, Dubai","SUV","156","EUR","base_price_xlsx","pax:5","excluded_from_place_list"
"United Arab Emirates","Bab Al Shams Desert Resor, Dubai","Dubai international Airport (DXB)","Bab Al Shams Desert Resor, Dubai","Standard MPV","67","EUR","base_price_xlsx","pax:5","excluded_from_place_list"
"United Arab Emirates","Bab Al Shams Desert Resor, Dubai","Dubai international Airport (DXB)","Bab Al Shams Desert Resor, Dubai","Standard class car","67","EUR","base_price_xlsx","pax:3","excluded_from_place_list"
"United Arab Emirates","Bab Al Shams Desert Resor, Dubai","Dubai international Airport (DXB)","Bab Al Shams Desert Resor, Dubai","Standard e-vehicle 3 pax","96","EUR","base_price_xlsx","pax:3","excluded_from_place_list"
"United Arab Emirates","Bab Al Shams Desert Resor, Dubai","Dubai international Airport (DXB)","Bab Al Shams Desert Resor, Dubai","Standard minivan 8 pax","82","EUR","base_price_xlsx","pax:8","excluded_from_place_list"
"United States of America","Anaheim","John Wayne Airport (SNA)","Anaheim","Business class car","54.04","EUR","base_price_xlsx","pax:3","archive_exclude_from_eto"
"United States of America","Anaheim","John Wayne Airport (SNA)","Anaheim","Businessvan 6 pax","85.82","EUR","base_price_xlsx","pax:6","archive_exclude_from_eto"
"United States of America","Anaheim","John Wayne Airport (SNA)","Anaheim","First class car","151.06","EUR","base_price_xlsx","pax:3","archive_exclude_from_eto"
"United States of America","Anaheim","John Wayne Airport (SNA)","Anaheim","SUV","43.12","EUR","base_price_xlsx","pax:5","archive_exclude_from_eto"
"United States of America","Anaheim","John Wayne Airport (SNA)","Anaheim","Standard MPV","43.12","EUR","base_price_xlsx","pax:4","archive_exclude_from_eto"
"United States of America","Anaheim","John Wayne Airport (SNA)","Anaheim","Standard MPV","43.12","EUR","base_price_xlsx","pax:4","archive_exclude_from_eto"
"United States of America","Anaheim","John Wayne Airport (SNA)","Anaheim","Standard class car","41.72","EUR","base_price_xlsx","pax:3","archive_exclude_from_eto"
"United States of America","Anaheim","John Wayne Airport (SNA)","Anaheim","Standard e-vehicle 3 pax","74.34","EUR","base_price_xlsx","pax:3","archive_exclude_from_eto"
"United States of America","Bakersfield","John Wayne Airport (SNA)","Bakersfield","Business class car","441.4666666666666","EUR","base_price_xlsx","pax:3","archive_exclude_from_eto"
"United States of America","Bakersfield","John Wayne Airport (SNA)","Bakersfield","Business class car","441.4666666666666","EUR","base_price_xlsx","pax:3","archive_exclude_from_eto"
"United States of America","Bakersfield","John Wayne Airport (SNA)","Bakersfield","Businessvan 6 pax","654.7333333333333","EUR","base_price_xlsx","pax:6","archive_exclude_from_eto"
"United States of America","Bakersfield","John Wayne Airport (SNA)","Bakersfield","SUV","489.0666666666666","EUR","base_price_xlsx","pax:5","archive_exclude_from_eto"
"United States of America","Bakersfield","John Wayne Airport (SNA)","Bakersfield","Standard MPV","489.0666666666666","EUR","base_price_xlsx","pax:4","archive_exclude_from_eto"
"United States of America","Bakersfield","John Wayne Airport (SNA)","Bakersfield","Standard class car","409.7333333333332","EUR","base_price_xlsx","pax:3","archive_exclude_from_eto"
"United States of America","Bakersfield","John Wayne Airport (SNA)","Bakersfield","Standard e-vehicle 3 pax","471.8","EUR","base_price_xlsx","pax:3","archive_exclude_from_eto"
"United States of America","Beverly Hills","John Wayne Airport (SNA)","Beverly Hills","Business class car","118.44","EUR","base_price_xlsx","pax:3","archive_exclude_from_eto"
"United States of America","Beverly Hills","John Wayne Airport (SNA)","Beverly Hills","Businessvan 6 pax","174.72","EUR","base_price_xlsx","pax:6","archive_exclude_from_eto"
"United States of America","Beverly Hills","John Wayne Airport (SNA)","Beverly Hills","First class car","312.7599999999999","EUR","base_price_xlsx","pax:3","archive_exclude_from_eto"
"United States of America","Beverly Hills","John Wayne Airport (SNA)","Beverly Hills","SUV","126.42","EUR","base_price_xlsx","pax:5","archive_exclude_from_eto"
"United States of America","Beverly Hills","John Wayne Airport (SNA)","Beverly Hills","Standard MPV","126.42","EUR","base_price_xlsx","pax:4","archive_exclude_from_eto"
"United States of America","Beverly Hills","John Wayne Airport (SNA)","Beverly Hills","Standard class car","107.52","EUR","base_price_xlsx","pax:3","archive_exclude_from_eto"
"United States of America","Beverly Hills","John Wayne Airport (SNA)","Beverly Hills","Standard e-vehicle 3 pax","130.34","EUR","base_price_xlsx","pax:3","archive_exclude_from_eto"
"United States of America","Buena Park","John Wayne Airport (SNA)","Buena Park","Business class car","59.64","EUR","base_price_xlsx","pax:3","archive_exclude_from_eto"
"United States of America","Buena Park","John Wayne Airport (SNA)","Buena Park","Businessvan 6 pax","91.77","EUR","base_price_xlsx","pax:6","archive_exclude_from_eto"
"United States of America","Buena Park","John Wayne Airport (SNA)","Buena Park","First class car","151.06","EUR","base_price_xlsx","pax:3","archive_exclude_from_eto"
"United States of America","Buena Park","John Wayne Airport (SNA)","Buena Park","SUV","48.71999999999999","EUR","base_price_xlsx","pax:5","archive_exclude_from_eto"
"United States of America","Buena Park","John Wayne Airport (SNA)","Buena Park","Standard MPV","48.71999999999999","EUR","base_price_xlsx","pax:4","archive_exclude_from_eto"
"United States of America","Buena Park","John Wayne Airport (SNA)","Buena Park","Standard class car","46.61999999999999","EUR","base_price_xlsx","pax:3","archive_exclude_from_eto"
"United States of America","Buena Park","John Wayne Airport (SNA)","Buena Park","Standard e-vehicle 3 pax","79.94","EUR","base_price_xlsx","pax:3","archive_exclude_from_eto"
"United States of America","Burbank","Los Angeles Airport (LAX)","Burbank","Business class car","55","EUR","base_price_xlsx","pax:3","archive_exclude_from_eto"
"United States of America","Burbank","Los Angeles Airport (LAX)","Burbank","Businessvan 6 pax","86","EUR","base_price_xlsx","pax:6","archive_exclude_from_eto"
"United States of America","Burbank","Los Angeles Airport (LAX)","Burbank","First class car","149","EUR","base_price_xlsx","pax:3","archive_exclude_from_eto"
"United States of America","Burbank","Los Angeles Airport (LAX)","Burbank","SUV","44","EUR","base_price_xlsx","pax:5","archive_exclude_from_eto"
"United States of America","Calabasas","John Wayne Airport (SNA)","Calabasas","Business class car","154.5133333333333","EUR","base_price_xlsx","pax:3","archive_exclude_from_eto"
"United States of America","Calabasas","John Wayne Airport (SNA)","Calabasas","Businessvan 6 pax","229.1566666666667","EUR","base_price_xlsx","pax:6","archive_exclude_from_eto"
"United States of America","Calabasas","John Wayne Airport (SNA)","Calabasas","First class car","427.7699999999999","EUR","base_price_xlsx","pax:3","archive_exclude_from_eto"
"United States of America","Calabasas","John Wayne Airport (SNA)","Calabasas","SUV","171.1733333333333","EUR","base_price_xlsx","pax:5","archive_exclude_from_eto"
"United States of America","Calabasas","John Wayne Airport (SNA)","Calabasas","Standard MPV","171.1733333333333","EUR","base_price_xlsx","pax:4","archive_exclude_from_eto"
"United States of America","Calabasas","John Wayne Airport (SNA)","Calabasas","Standard class car","143.4066666666667","EUR","base_price_xlsx","pax:3","archive_exclude_from_eto"
"United States of America","Calabasas","John Wayne Airport (SNA)","Calabasas","Standard e-vehicle 3 pax","165.13","EUR","base_price_xlsx","pax:3","archive_exclude_from_eto"
"United States of America","Calabasas","Los Angeles Airport (LAX)","Calabasas","Business class car","63","EUR","base_price_xlsx","pax:3","archive_exclude_from_eto"
"United States of America","Calabasas","Los Angeles Airport (LAX)","Calabasas","Businessvan 6 pax","96","EUR","base_price_xlsx","pax:6","archive_exclude_from_eto"
"United States of America","Calabasas","Los Angeles Airport (LAX)","Calabasas","First class car","152","EUR","base_price_xlsx","pax:3","archive_exclude_from_eto"
"United States of America","Calabasas","Los Angeles Airport (LAX)","Calabasas","SUV","53","EUR","base_price_xlsx","pax:5","archive_exclude_from_eto"
"United States of America","Chula Vista","John Wayne Airport (SNA)","Chula Vista","Business class car","209.6966666666667","EUR","base_price_xlsx","pax:3","archive_exclude_from_eto"
"United States of America","Chula Vista","John Wayne Airport (SNA)","Chula Vista","Business class car","209.6966666666667","EUR","base_price_xlsx","pax:3","archive_exclude_from_eto"
"United States of America","Chula Vista","John Wayne Airport (SNA)","Chula Vista","Businessvan 6 pax","310.9983333333333","EUR","base_price_xlsx","pax:6","archive_exclude_from_eto"
"United States of America","Chula Vista","John Wayne Airport (SNA)","Chula Vista","SUV","232.3066666666666","EUR","base_price_xlsx","pax:5","archive_exclude_from_eto"
"United States of America","Chula Vista","John Wayne Airport (SNA)","Chula Vista","Standard MPV","232.3066666666666","EUR","base_price_xlsx","pax:4","archive_exclude_from_eto"
"United States of America","Chula Vista","John Wayne Airport (SNA)","Chula Vista","Standard class car","194.6233333333333","EUR","base_price_xlsx","pax:3","archive_exclude_from_eto"
"United States of America","Chula Vista","John Wayne Airport (SNA)","Chula Vista","Standard e-vehicle 3 pax","224.105","EUR","base_price_xlsx","pax:3","archive_exclude_from_eto"
"United States of America","Downtown Los Angeles","John Wayne Airport (SNA)","Downtown Los Angeles","Business class car","104.44","EUR","base_price_xlsx","pax:3","archive_exclude_from_eto"
"United States of America","Downtown Los Angeles","John Wayne Airport (SNA)","Downtown Los Angeles","Businessvan 6 pax","153.02","EUR","base_price_xlsx","pax:6","archive_exclude_from_eto"
"United States of America","Downtown Los Angeles","John Wayne Airport (SNA)","Downtown Los Angeles","First class car","258.86","EUR","base_price_xlsx","pax:3","archive_exclude_from_eto"
"United States of America","Downtown Los Angeles","John Wayne Airport (SNA)","Downtown Los Angeles","SUV","106.12","EUR","base_price_xlsx","pax:5","archive_exclude_from_eto"
"United States of America","Downtown Los Angeles","John Wayne Airport (SNA)","Downtown Los Angeles","Standard MPV","106.12","EUR","base_price_xlsx","pax:4","archive_exclude_from_eto"
"United States of America","Downtown Los Angeles","John Wayne Airport (SNA)","Downtown Los Angeles","Standard class car","92.11999999999999","EUR","base_price_xlsx","pax:3","archive_exclude_from_eto"
"United States of America","Downtown Los Angeles","John Wayne Airport (SNA)","Downtown Los Angeles","Standard e-vehicle 3 pax","119.14","EUR","base_price_xlsx","pax:3","archive_exclude_from_eto"
"United States of America","El Cajon","John Wayne Airport (SNA)","El Cajon","Business class car","209.6966666666667","EUR","base_price_xlsx","pax:3","archive_exclude_from_eto"
"United States of America","El Cajon","John Wayne Airport (SNA)","El Cajon","Business class car","209.6966666666667","EUR","base_price_xlsx","pax:3","archive_exclude_from_eto"
"United States of America","El Cajon","John Wayne Airport (SNA)","El Cajon","Businessvan 6 pax","310.9983333333333","EUR","base_price_xlsx","pax:6","archive_exclude_from_eto"
"United States of America","El Cajon","John Wayne Airport (SNA)","El Cajon","SUV","232.3066666666666","EUR","base_price_xlsx","pax:5","archive_exclude_from_eto"
"United States of America","El Cajon","John Wayne Airport (SNA)","El Cajon","Standard MPV","232.3066666666666","EUR","base_price_xlsx","pax:4","archive_exclude_from_eto"
"United States of America","El Cajon","John Wayne Airport (SNA)","El Cajon","Standard class car","194.6233333333333","EUR","base_price_xlsx","pax:3","archive_exclude_from_eto"
"United States of America","El Cajon","John Wayne Airport (SNA)","El Cajon","Standard e-vehicle 3 pax","224.105","EUR","base_price_xlsx","pax:3","archive_exclude_from_eto"
"United States of America","Fresno","John Wayne Airport (SNA)","Fresno","Business class car","618.0533333333333","EUR","base_price_xlsx","pax:3","archive_exclude_from_eto"
"United States of America","Fresno","John Wayne Airport (SNA)","Fresno","Business class car","618.0533333333333","EUR","base_price_xlsx","pax:3","archive_exclude_from_eto"
"United States of America","Fresno","John Wayne Airport (SNA)","Fresno","Businessvan 6 pax","916.6266666666667","EUR","base_price_xlsx","pax:6","archive_exclude_from_eto"
"United States of America","Fresno","John Wayne Airport (SNA)","Fresno","SUV","684.6933333333332","EUR","base_price_xlsx","pax:5","archive_exclude_from_eto"
"United States of America","Fresno","John Wayne Airport (SNA)","Fresno","Standard MPV","684.6933333333332","EUR","base_price_xlsx","pax:4","archive_exclude_from_eto"
"United States of America","Fresno","John Wayne Airport (SNA)","Fresno","Standard class car","573.6266666666667","EUR","base_price_xlsx","pax:3","archive_exclude_from_eto"
"United States of America","Fresno","John Wayne Airport (SNA)","Fresno","Standard e-vehicle 3 pax","660.5199999999999","EUR","base_price_xlsx","pax:3","archive_exclude_from_eto"
"United States of America","Glendale","Los Angeles Airport (LAX)","Glendale","Business class car","55","EUR","base_price_xlsx","pax:3","archive_exclude_from_eto"
"United States of America","Glendale","Los Angeles Airport (LAX)","Glendale","Businessvan 6 pax","86","EUR","base_price_xlsx","pax:6","archive_exclude_from_eto"
"United States of America","Glendale","Los Angeles Airport (LAX)","Glendale","First class car","152","EUR","base_price_xlsx","pax:3","archive_exclude_from_eto"
"United States of America","Glendale","Los Angeles Airport (LAX)","Glendale","SUV","44","EUR","base_price_xlsx","pax:5","archive_exclude_from_eto"
"United States of America","Inglewood","John Wayne Airport (SNA)","Inglewood","Business class car","104.44","EUR","base_price_xlsx","pax:3","archive_exclude_from_eto"
"United States of America","Inglewood","John Wayne Airport (SNA)","Inglewood","Businessvan 6 pax","153.02","EUR","base_price_xlsx","pax:6","archive_exclude_from_eto"
"United States of America","Inglewood","John Wayne Airport (SNA)","Inglewood","First class car","258.86","EUR","base_price_xlsx","pax:3","archive_exclude_from_eto"
"United States of America","Inglewood","John Wayne Airport (SNA)","Inglewood","SUV","106.12","EUR","base_price_xlsx","pax:5","archive_exclude_from_eto"
"United States of America","Inglewood","John Wayne Airport (SNA)","Inglewood","Standard MPV","106.12","EUR","base_price_xlsx","pax:4","archive_exclude_from_eto"
"United States of America","Inglewood","John Wayne Airport (SNA)","Inglewood","Standard class car","92.11999999999999","EUR","base_price_xlsx","pax:3","archive_exclude_from_eto"
"United States of America","Inglewood","John Wayne Airport (SNA)","Inglewood","Standard e-vehicle 3 pax","119.14","EUR","base_price_xlsx","pax:3","archive_exclude_from_eto"
"United States of America","Inglewood","Los Angeles Airport (LAX)","Inglewood","Business class car","55","EUR","base_price_xlsx","pax:3","archive_exclude_from_eto"
"United States of America","Inglewood","Los Angeles Airport (LAX)","Inglewood","Businessvan 6 pax","86","EUR","base_price_xlsx","pax:6","archive_exclude_from_eto"
"United States of America","Inglewood","Los Angeles Airport (LAX)","Inglewood","First class car","137","EUR","base_price_xlsx","pax:3","archive_exclude_from_eto"
"United States of America","Inglewood","Los Angeles Airport (LAX)","Inglewood","SUV","40","EUR","base_price_xlsx","pax:5","archive_exclude_from_eto"
"United States of America","Irvine","John Wayne Airport (SNA)","Irvine","Business class car","54.04","EUR","base_price_xlsx","pax:3","archive_exclude_from_eto"
"United States of America","Irvine","John Wayne Airport (SNA)","Irvine","Businessvan 6 pax","85.82","EUR","base_price_xlsx","pax:6","archive_exclude_from_eto"
"United States of America","Irvine","John Wayne Airport (SNA)","Irvine","First class car","136.36","EUR","base_price_xlsx","pax:3","archive_exclude_from_eto"
"United States of America","Irvine","John Wayne Airport (SNA)","Irvine","SUV","39.62","EUR","base_price_xlsx","pax:5","archive_exclude_from_eto"
"United States of America","Irvine","John Wayne Airport (SNA)","Irvine","Standard MPV","39.62","EUR","base_price_xlsx","pax:4","archive_exclude_from_eto"
"United States of America","Irvine","John Wayne Airport (SNA)","Irvine","Standard class car","39.62","EUR","base_price_xlsx","pax:3","archive_exclude_from_eto"
"United States of America","Irvine","John Wayne Airport (SNA)","Irvine","Standard e-vehicle 3 pax","74.34","EUR","base_price_xlsx","pax:3","archive_exclude_from_eto"
"United States of America","Jurupa Valley","John Wayne Airport (SNA)","Jurupa Valley","Business class car","70.84","EUR","base_price_xlsx","pax:3","archive_exclude_from_eto"
"United States of America","Jurupa Valley","John Wayne Airport (SNA)","Jurupa Valley","Businessvan 6 pax","103.67","EUR","base_price_xlsx","pax:6","archive_exclude_from_eto"
"United States of America","Jurupa Valley","John Wayne Airport (SNA)","Jurupa Valley","First class car","151.06","EUR","base_price_xlsx","pax:3","archive_exclude_from_eto"
"United States of America","Jurupa Valley","John Wayne Airport (SNA)","Jurupa Valley","SUV","59.91999999999999","EUR","base_price_xlsx","pax:5","archive_exclude_from_eto"
"United States of America","Jurupa Valley","John Wayne Airport (SNA)","Jurupa Valley","Standard MPV","59.91999999999999","EUR","base_price_xlsx","pax:4","archive_exclude_from_eto"
"United States of America","Jurupa Valley","John Wayne Airport (SNA)","Jurupa Valley","Standard class car","56.41999999999999","EUR","base_price_xlsx","pax:3","archive_exclude_from_eto"
"United States of America","Jurupa Valley","John Wayne Airport (SNA)","Jurupa Valley","Standard e-vehicle 3 pax","91.13999999999999","EUR","base_price_xlsx","pax:3","archive_exclude_from_eto"
"United States of America","Jurupa Valley","Los Angeles Airport (LAX)","Jurupa Valley","Business class car","140","EUR","base_price_xlsx","pax:3","archive_exclude_from_eto"
"United States of America","Jurupa Valley","Los Angeles Airport (LAX)","Jurupa Valley","Businessvan 6 pax","207","EUR","base_price_xlsx","pax:6","archive_exclude_from_eto"
"United States of America","Jurupa Valley","Los Angeles Airport (LAX)","Jurupa Valley","First class car","385","EUR","base_price_xlsx","pax:3","archive_exclude_from_eto"
"United States of America","Jurupa Valley","Los Angeles Airport (LAX)","Jurupa Valley","SUV","155","EUR","base_price_xlsx","pax:5","archive_exclude_from_eto"
"United States of America","La Crescenta-Montrose","Los Angeles Airport (LAX)","La Crescenta-Montrose","Business class car","68","EUR","base_price_xlsx","pax:3","archive_exclude_from_eto"
"United States of America","La Crescenta-Montrose","Los Angeles Airport (LAX)","La Crescenta-Montrose","Businessvan 6 pax","101","EUR","base_price_xlsx","pax:6","archive_exclude_from_eto"
"United States of America","La Crescenta-Montrose","Los Angeles Airport (LAX)","La Crescenta-Montrose","First class car","152","EUR","base_price_xlsx","pax:3","archive_exclude_from_eto"
"United States of America","La Crescenta-Montrose","Los Angeles Airport (LAX)","La Crescenta-Montrose","SUV","57","EUR","base_price_xlsx","pax:5","archive_exclude_from_eto"
"United States of America","Laguna Beach","John Wayne Airport (SNA)","Laguna Beach","Business class car","54.04","EUR","base_price_xlsx","pax:3","archive_exclude_from_eto"
"United States of America","Laguna Beach","John Wayne Airport (SNA)","Laguna Beach","Business class car","54.04","EUR","base_price_xlsx","pax:3","archive_exclude_from_eto"
"United States of America","Laguna Beach","John Wayne Airport (SNA)","Laguna Beach","Businessvan 6 pax","85.82","EUR","base_price_xlsx","pax:6","archive_exclude_from_eto"
"United States of America","Laguna Beach","John Wayne Airport (SNA)","Laguna Beach","Businessvan 6 pax","85.82","EUR","base_price_xlsx","pax:6","archive_exclude_from_eto"
"United States of America","Laguna Beach","John Wayne Airport (SNA)","Laguna Beach","First class car","145.46","EUR","base_price_xlsx","pax:3","archive_exclude_from_eto"
"United States of America","Laguna Beach","John Wayne Airport (SNA)","Laguna Beach","First class car","145.46","EUR","base_price_xlsx","pax:3","archive_exclude_from_eto"
"United States of America","Laguna Beach","John Wayne Airport (SNA)","Laguna Beach","SUV","43.12","EUR","base_price_xlsx","pax:5","archive_exclude_from_eto"
"United States of America","Laguna Beach","John Wayne Airport (SNA)","Laguna Beach","SUV","43.12","EUR","base_price_xlsx","pax:5","archive_exclude_from_eto"
"United States of America","Laguna Beach","John Wayne Airport (SNA)","Laguna Beach","Standard MPV","43.12","EUR","base_price_xlsx","pax:4","archive_exclude_from_eto"
"United States of America","Laguna Beach","John Wayne Airport (SNA)","Laguna Beach","Standard MPV","43.12","EUR","base_price_xlsx","pax:4","archive_exclude_from_eto"
"United States of America","Laguna Beach","John Wayne Airport (SNA)","Laguna Beach","Standard class car","41.72","EUR","base_price_xlsx","pax:3","archive_exclude_from_eto"
"United States of America","Laguna Beach","John Wayne Airport (SNA)","Laguna Beach","Standard class car","41.72","EUR","base_price_xlsx","pax:3","archive_exclude_from_eto"
"United States of America","Laguna Beach","John Wayne Airport (SNA)","Laguna Beach","Standard e-vehicle 3 pax","74.34","EUR","base_price_xlsx","pax:3","archive_exclude_from_eto"
"United States of America","Laguna Beach","John Wayne Airport (SNA)","Laguna Beach","Standard e-vehicle 3 pax","74.34","EUR","base_price_xlsx","pax:3","archive_exclude_from_eto"
"United States of America","Laguna Beach","Los Angeles Airport (LAX)","Laguna Beach","Business class car","113","EUR","base_price_xlsx","pax:3","archive_exclude_from_eto"
"United States of America","Laguna Beach","Los Angeles Airport (LAX)","Laguna Beach","Businessvan 6 pax","167","EUR","base_price_xlsx","pax:6","archive_exclude_from_eto"
"United States of America","Laguna Beach","Los Angeles Airport (LAX)","Laguna Beach","First class car","292","EUR","base_price_xlsx","pax:3","archive_exclude_from_eto"
"United States of America","Laguna Beach","Los Angeles Airport (LAX)","Laguna Beach","SUV","119","EUR","base_price_xlsx","pax:5","archive_exclude_from_eto"
"United States of America","Lake Forest, Mission Viejo","John Wayne Airport (SNA)","Lake Forest, Mission Viejo","Business class car","54.04","EUR","base_price_xlsx","pax:3","archive_exclude_from_eto"
"United States of America","Lake Forest, Mission Viejo","John Wayne Airport (SNA)","Lake Forest, Mission Viejo","Businessvan 6 pax","85.82","EUR","base_price_xlsx","pax:6","archive_exclude_from_eto"
"United States of America","Lake Forest, Mission Viejo","John Wayne Airport (SNA)","Lake Forest, Mission Viejo","First class car","139.86","EUR","base_price_xlsx","pax:3","archive_exclude_from_eto"
"United States of America","Lake Forest, Mission Viejo","John Wayne Airport (SNA)","Lake Forest, Mission Viejo","SUV","43.12","EUR","base_price_xlsx","pax:5","archive_exclude_from_eto"
"United States of America","Lake Forest, Mission Viejo","John Wayne Airport (SNA)","Lake Forest, Mission Viejo","Standard MPV","43.12","EUR","base_price_xlsx","pax:4","archive_exclude_from_eto"
"United States of America","Lake Forest, Mission Viejo","John Wayne Airport (SNA)","Lake Forest, Mission Viejo","Standard class car","41.72","EUR","base_price_xlsx","pax:3","archive_exclude_from_eto"
"United States of America","Lake Forest, Mission Viejo","John Wayne Airport (SNA)","Lake Forest, Mission Viejo","Standard e-vehicle 3 pax","74.34","EUR","base_price_xlsx","pax:3","archive_exclude_from_eto"
"United States of America","Las Vegas","John Wayne Airport (SNA)","Las Vegas","Business class car","640.1266666666667","EUR","base_price_xlsx","pax:3","archive_exclude_from_eto"
"United States of America","Las Vegas","John Wayne Airport (SNA)","Las Vegas","Businessvan 6 pax","949.3633333333332","EUR","base_price_xlsx","pax:6","archive_exclude_from_eto"
"United States of America","Las Vegas","John Wayne Airport (SNA)","Las Vegas","First class car","1772.19","EUR","base_price_xlsx","pax:3","archive_exclude_from_eto"
"United States of America","Las Vegas","John Wayne Airport (SNA)","Las Vegas","SUV","709.1466666666665","EUR","base_price_xlsx","pax:5","archive_exclude_from_eto"
"United States of America","Las Vegas","John Wayne Airport (SNA)","Las Vegas","Standard MPV","709.1466666666665","EUR","base_price_xlsx","pax:4","archive_exclude_from_eto"
"United States of America","Las Vegas","John Wayne Airport (SNA)","Las Vegas","Standard class car","594.1133333333333","EUR","base_price_xlsx","pax:3","archive_exclude_from_eto"
"United States of America","Las Vegas","John Wayne Airport (SNA)","Las Vegas","Standard e-vehicle 3 pax","684.1099999999999","EUR","base_price_xlsx","pax:3","archive_exclude_from_eto"
"United States of America","Long Beach","John Wayne Airport (SNA)","Long Beach","Business class car","59.64","EUR","base_price_xlsx","pax:3","archive_exclude_from_eto"
"United States of America","Long Beach","John Wayne Airport (SNA)","Long Beach","Businessvan 6 pax","91.77","EUR","base_price_xlsx","pax:6","archive_exclude_from_eto"
"United States of America","Long Beach","John Wayne Airport (SNA)","Long Beach","First class car","151.06","EUR","base_price_xlsx","pax:3","archive_exclude_from_eto"
"United States of America","Long Beach","John Wayne Airport (SNA)","Long Beach","SUV","48.71999999999999","EUR","base_price_xlsx","pax:5","archive_exclude_from_eto"
"United States of America","Long Beach","John Wayne Airport (SNA)","Long Beach","Standard MPV","48.71999999999999","EUR","base_price_xlsx","pax:4","archive_exclude_from_eto"
"United States of America","Long Beach","John Wayne Airport (SNA)","Long Beach","Standard class car","46.61999999999999","EUR","base_price_xlsx","pax:3","archive_exclude_from_eto"
"United States of America","Long Beach","John Wayne Airport (SNA)","Long Beach","Standard e-vehicle 3 pax","79.94","EUR","base_price_xlsx","pax:3","archive_exclude_from_eto"
"United States of America","Malibu","John Wayne Airport (SNA)","Malibu","Business class car","165.55","EUR","base_price_xlsx","pax:3","archive_exclude_from_eto"
"United States of America","Malibu","John Wayne Airport (SNA)","Malibu","Businessvan 6 pax","245.525","EUR","base_price_xlsx","pax:6","archive_exclude_from_eto"
"United States of America","Malibu","John Wayne Airport (SNA)","Malibu","First class car","458.325","EUR","base_price_xlsx","pax:3","archive_exclude_from_eto"
"United States of America","Malibu","John Wayne Airport (SNA)","Malibu","SUV","183.4","EUR","base_price_xlsx","pax:5","archive_exclude_from_eto"
"United States of America","Malibu","John Wayne Airport (SNA)","Malibu","Standard MPV","183.4","EUR","base_price_xlsx","pax:4","archive_exclude_from_eto"
"United States of America","Malibu","John Wayne Airport (SNA)","Malibu","Standard class car","153.65","EUR","base_price_xlsx","pax:3","archive_exclude_from_eto"
"United States of America","Malibu","John Wayne Airport (SNA)","Malibu","Standard e-vehicle 3 pax","176.925","EUR","base_price_xlsx","pax:3","archive_exclude_from_eto"
"United States of America","Malibu","Los Angeles Airport (LAX)","Malibu","Business class car","66","EUR","base_price_xlsx","pax:3","archive_exclude_from_eto"
"United States of America","Malibu","Los Angeles Airport (LAX)","Malibu","Businessvan 6 pax","98","EUR","base_price_xlsx","pax:6","archive_exclude_from_eto"
"United States of America","Malibu","Los Angeles Airport (LAX)","Malibu","First class car","152","EUR","base_price_xlsx","pax:3","archive_exclude_from_eto"
"United States of America","Malibu","Los Angeles Airport (LAX)","Malibu","SUV","55","EUR","base_price_xlsx","pax:5","archive_exclude_from_eto"
"United States of America","Montrose","John Wayne Airport (SNA)","Montrose","Business class car","132.44","EUR","base_price_xlsx","pax:3","archive_exclude_from_eto"
"United States of America","Montrose","John Wayne Airport (SNA)","Montrose","Businessvan 6 pax","196.42","EUR","base_price_xlsx","pax:6","archive_exclude_from_eto"
"United States of America","Montrose","John Wayne Airport (SNA)","Montrose","First class car","366.66","EUR","base_price_xlsx","pax:3","archive_exclude_from_eto"
"United States of America","Montrose","John Wayne Airport (SNA)","Montrose","SUV","146.72","EUR","base_price_xlsx","pax:5","archive_exclude_from_eto"
"United States of America","Montrose","John Wayne Airport (SNA)","Montrose","Standard MPV","146.72","EUR","base_price_xlsx","pax:4","archive_exclude_from_eto"
"United States of America","Montrose","John Wayne Airport (SNA)","Montrose","Standard class car","122.92","EUR","base_price_xlsx","pax:3","archive_exclude_from_eto"
"United States of America","Montrose","John Wayne Airport (SNA)","Montrose","Standard e-vehicle 3 pax","141.54","EUR","base_price_xlsx","pax:3","archive_exclude_from_eto"
"United States of America","Newport Beach","John Wayne Airport (SNA)","Newport Beach","Business class car","54.04","EUR","base_price_xlsx","pax:3","archive_exclude_from_eto"
"United States of America","Newport Beach","John Wayne Airport (SNA)","Newport Beach","Businessvan 6 pax","85.82","EUR","base_price_xlsx","pax:6","archive_exclude_from_eto"
"United States of America","Newport Beach","John Wayne Airport (SNA)","Newport Beach","First class car","136.36","EUR","base_price_xlsx","pax:3","archive_exclude_from_eto"
"United States of America","Newport Beach","John Wayne Airport (SNA)","Newport Beach","SUV","39.62","EUR","base_price_xlsx","pax:5","archive_exclude_from_eto"
"United States of America","Newport Beach","John Wayne Airport (SNA)","Newport Beach","Standard MPV","39.62","EUR","base_price_xlsx","pax:4","archive_exclude_from_eto"
"United States of America","Newport Beach","John Wayne Airport (SNA)","Newport Beach","Standard class car","39.62","EUR","base_price_xlsx","pax:3","archive_exclude_from_eto"
"United States of America","Newport Beach","John Wayne Airport (SNA)","Newport Beach","Standard e-vehicle 3 pax","74.34","EUR","base_price_xlsx","pax:3","archive_exclude_from_eto"
"United States of America","Ojai+Oak View","John Wayne Airport (SNA)","Ojai+Oak View","Business class car","220.7333333333333","EUR","base_price_xlsx","pax:3","archive_exclude_from_eto"
"United States of America","Ojai+Oak View","John Wayne Airport (SNA)","Ojai+Oak View","Business class car","220.7333333333333","EUR","base_price_xlsx","pax:3","archive_exclude_from_eto"
"United States of America","Ojai+Oak View","John Wayne Airport (SNA)","Ojai+Oak View","Businessvan 6 pax","327.3666666666667","EUR","base_price_xlsx","pax:6","archive_exclude_from_eto"
"United States of America","Ojai+Oak View","John Wayne Airport (SNA)","Ojai+Oak View","SUV","244.5333333333333","EUR","base_price_xlsx","pax:5","archive_exclude_from_eto"
"United States of America","Ojai+Oak View","John Wayne Airport (SNA)","Ojai+Oak View","Standard MPV","244.5333333333333","EUR","base_price_xlsx","pax:4","archive_exclude_from_eto"
"United States of America","Ojai+Oak View","John Wayne Airport (SNA)","Ojai+Oak View","Standard class car","204.8666666666666","EUR","base_price_xlsx","pax:3","archive_exclude_from_eto"
"United States of America","Ojai+Oak View","John Wayne Airport (SNA)","Ojai+Oak View","Standard e-vehicle 3 pax","235.9","EUR","base_price_xlsx","pax:3","archive_exclude_from_eto"
"United States of America","Ontario","John Wayne Airport (SNA)","Ontario","Business class car","76.44","EUR","base_price_xlsx","pax:3","archive_exclude_from_eto"
"United States of America","Ontario","John Wayne Airport (SNA)","Ontario","Businessvan 6 pax","109.62","EUR","base_price_xlsx","pax:6","archive_exclude_from_eto"
"United States of America","Ontario","John Wayne Airport (SNA)","Ontario","First class car","151.06","EUR","base_price_xlsx","pax:3","archive_exclude_from_eto"
"United States of America","Ontario","John Wayne Airport (SNA)","Ontario","SUV","65.52","EUR","base_price_xlsx","pax:5","archive_exclude_from_eto"
"United States of America","Ontario","John Wayne Airport (SNA)","Ontario","Standard MPV","65.52","EUR","base_price_xlsx","pax:4","archive_exclude_from_eto"
"United States of America","Ontario","John Wayne Airport (SNA)","Ontario","Standard class car","61.31999999999999","EUR","base_price_xlsx","pax:3","archive_exclude_from_eto"
"United States of America","Ontario","John Wayne Airport (SNA)","Ontario","Standard e-vehicle 3 pax","96.73999999999998","EUR","base_price_xlsx","pax:3","archive_exclude_from_eto"
"United States of America","Ontario","Los Angeles Airport (LAX)","Ontario","Business class car","116","EUR","base_price_xlsx","pax:3","archive_exclude_from_eto"
"United States of America","Ontario","Los Angeles Airport (LAX)","Ontario","Businessvan 6 pax","171","EUR","base_price_xlsx","pax:6","archive_exclude_from_eto"
"United States of America","Ontario","Los Angeles Airport (LAX)","Ontario","First class car","302","EUR","base_price_xlsx","pax:3","archive_exclude_from_eto"
"United States of America","Orange","John Wayne Airport (SNA)","Orange","Business class car","54.04","EUR","base_price_xlsx","pax:3","archive_exclude_from_eto"
"United States of America","Orange","John Wayne Airport (SNA)","Orange","Businessvan 6 pax","85.82","EUR","base_price_xlsx","pax:6","archive_exclude_from_eto"
"United States of America","Orange","John Wayne Airport (SNA)","Orange","First class car","145.46","EUR","base_price_xlsx","pax:3","archive_exclude_from_eto"
"United States of America","Orange","John Wayne Airport (SNA)","Orange","SUV","43.12","EUR","base_price_xlsx","pax:5","archive_exclude_from_eto"
"United States of America","Orange","John Wayne Airport (SNA)","Orange","Standard MPV","43.12","EUR","base_price_xlsx","pax:4","archive_exclude_from_eto"
"United States of America","Orange","John Wayne Airport (SNA)","Orange","Standard class car","41.72","EUR","base_price_xlsx","pax:3","archive_exclude_from_eto"
"United States of America","Orange","John Wayne Airport (SNA)","Orange","Standard e-vehicle 3 pax","74.34","EUR","base_price_xlsx","pax:3","archive_exclude_from_eto"
"United States of America","Orange","Los Angeles Airport (LAX)","Orange","SUV","123","EUR","base_price_xlsx","pax:5","archive_exclude_from_eto"
"United States of America","Oxnard+Ventura+Camarillo","John Wayne Airport (SNA)","Oxnard+Ventura+Camarillo","Business class car","242.8066666666666","EUR","base_price_xlsx","pax:3","archive_exclude_from_eto"
"United States of America","Oxnard+Ventura+Camarillo","John Wayne Airport (SNA)","Oxnard+Ventura+Camarillo","Business class car","242.8066666666666","EUR","base_price_xlsx","pax:3","archive_exclude_from_eto"
"United States of America","Oxnard+Ventura+Camarillo","John Wayne Airport (SNA)","Oxnard+Ventura+Camarillo","Businessvan 6 pax","360.1033333333334","EUR","base_price_xlsx","pax:6","archive_exclude_from_eto"
"United States of America","Oxnard+Ventura+Camarillo","John Wayne Airport (SNA)","Oxnard+Ventura+Camarillo","SUV","268.9866666666666","EUR","base_price_xlsx","pax:5","archive_exclude_from_eto"
"United States of America","Oxnard+Ventura+Camarillo","John Wayne Airport (SNA)","Oxnard+Ventura+Camarillo","Standard MPV","268.9866666666666","EUR","base_price_xlsx","pax:4","archive_exclude_from_eto"
"United States of America","Oxnard+Ventura+Camarillo","John Wayne Airport (SNA)","Oxnard+Ventura+Camarillo","Standard class car","225.3533333333333","EUR","base_price_xlsx","pax:3","archive_exclude_from_eto"
"United States of America","Oxnard+Ventura+Camarillo","John Wayne Airport (SNA)","Oxnard+Ventura+Camarillo","Standard e-vehicle 3 pax","259.49","EUR","base_price_xlsx","pax:3","archive_exclude_from_eto"
"United States of America","Palm Springs+Coachella","John Wayne Airport (SNA)","Palm Springs+Coachella","Business class car","198.66","EUR","base_price_xlsx","pax:3","archive_exclude_from_eto"
"United States of America","Palm Springs+Coachella","John Wayne Airport (SNA)","Palm Springs+Coachella","Business class car","198.66","EUR","base_price_xlsx","pax:3","archive_exclude_from_eto"
"United States of America","Palm Springs+Coachella","John Wayne Airport (SNA)","Palm Springs+Coachella","Businessvan 6 pax","294.63","EUR","base_price_xlsx","pax:6","archive_exclude_from_eto"
"United States of America","Palm Springs+Coachella","John Wayne Airport (SNA)","Palm Springs+Coachella","SUV","220.08","EUR","base_price_xlsx","pax:5","archive_exclude_from_eto"
"United States of America","Palm Springs+Coachella","John Wayne Airport (SNA)","Palm Springs+Coachella","Standard MPV","220.08","EUR","base_price_xlsx","pax:4","archive_exclude_from_eto"
"United States of America","Palm Springs+Coachella","John Wayne Airport (SNA)","Palm Springs+Coachella","Standard class car","184.38","EUR","base_price_xlsx","pax:3","archive_exclude_from_eto"
"United States of America","Palm Springs+Coachella","John Wayne Airport (SNA)","Palm Springs+Coachella","Standard e-vehicle 3 pax","212.3099999999999","EUR","base_price_xlsx","pax:3","archive_exclude_from_eto"
"United States of America","Pasadena","Los Angeles Airport (LAX)","Pasadena","Business class car","66","EUR","base_price_xlsx","pax:3","archive_exclude_from_eto"
"United States of America","Pasadena","Los Angeles Airport (LAX)","Pasadena","Businessvan 6 pax","98","EUR","base_price_xlsx","pax:6","archive_exclude_from_eto"
"United States of America","Pasadena","Los Angeles Airport (LAX)","Pasadena","First class car","152","EUR","base_price_xlsx","pax:3","archive_exclude_from_eto"
"United States of America","Pasadena","Los Angeles Airport (LAX)","Pasadena","SUV","55","EUR","base_price_xlsx","pax:5","archive_exclude_from_eto"
"United States of America","Pomona","John Wayne Airport (SNA)","Pomona","Business class car","90.43999999999998","EUR","base_price_xlsx","pax:3","archive_exclude_from_eto"
"United States of America","Pomona","John Wayne Airport (SNA)","Pomona","Businessvan 6 pax","131.32","EUR","base_price_xlsx","pax:6","archive_exclude_from_eto"
"United States of America","Pomona","John Wayne Airport (SNA)","Pomona","First class car","204.96","EUR","base_price_xlsx","pax:3","archive_exclude_from_eto"
"United States of America","Pomona","John Wayne Airport (SNA)","Pomona","SUV","85.82","EUR","base_price_xlsx","pax:5","archive_exclude_from_eto"
"United States of America","Pomona","John Wayne Airport (SNA)","Pomona","Standard MPV","85.82","EUR","base_price_xlsx","pax:4","archive_exclude_from_eto"
"United States of America","Pomona","John Wayne Airport (SNA)","Pomona","Standard class car","76.71999999999998","EUR","base_price_xlsx","pax:3","archive_exclude_from_eto"
"United States of America","Pomona","John Wayne Airport (SNA)","Pomona","Standard e-vehicle 3 pax","107.94","EUR","base_price_xlsx","pax:3","archive_exclude_from_eto"
"United States of America","Pomona","Los Angeles Airport (LAX)","Pomona","Business class car","97","EUR","base_price_xlsx","pax:3","archive_exclude_from_eto"
"United States of America","Pomona","Los Angeles Airport (LAX)","Pomona","Businessvan 6 pax","140","EUR","base_price_xlsx","pax:6","archive_exclude_from_eto"
"United States of America","Pomona","Los Angeles Airport (LAX)","Pomona","First class car","227","EUR","base_price_xlsx","pax:3","archive_exclude_from_eto"
"United States of America","Pomona","Los Angeles Airport (LAX)","Pomona","SUV","94","EUR","base_price_xlsx","pax:5","archive_exclude_from_eto"
"United States of America","San Bernardino","John Wayne Airport (SNA)","San Bernardino","Business class car","104.44","EUR","base_price_xlsx","pax:3","archive_exclude_from_eto"
"United States of America","San Bernardino","John Wayne Airport (SNA)","San Bernardino","Businessvan 6 pax","153.02","EUR","base_price_xlsx","pax:6","archive_exclude_from_eto"
"United States of America","San Bernardino","John Wayne Airport (SNA)","San Bernardino","First class car","258.86","EUR","base_price_xlsx","pax:3","archive_exclude_from_eto"
"United States of America","San Bernardino","John Wayne Airport (SNA)","San Bernardino","SUV","106.12","EUR","base_price_xlsx","pax:5","archive_exclude_from_eto"
"United States of America","San Bernardino","John Wayne Airport (SNA)","San Bernardino","Standard MPV","106.12","EUR","base_price_xlsx","pax:4","archive_exclude_from_eto"
"United States of America","San Bernardino","John Wayne Airport (SNA)","San Bernardino","Standard class car","92.11999999999999","EUR","base_price_xlsx","pax:3","archive_exclude_from_eto"
"United States of America","San Bernardino","John Wayne Airport (SNA)","San Bernardino","Standard e-vehicle 3 pax","119.14","EUR","base_price_xlsx","pax:3","archive_exclude_from_eto"
"United States of America","San Bernardino","Los Angeles Airport (LAX)","San Bernardino","Business class car","173","EUR","base_price_xlsx","pax:3","archive_exclude_from_eto"
"United States of America","San Bernardino","Los Angeles Airport (LAX)","San Bernardino","Businessvan 6 pax","256","EUR","base_price_xlsx","pax:6","archive_exclude_from_eto"
"United States of America","San Bernardino","Los Angeles Airport (LAX)","San Bernardino","First class car","477","EUR","base_price_xlsx","pax:3","archive_exclude_from_eto"
"United States of America","San Bernardino","Los Angeles Airport (LAX)","San Bernardino","SUV","191","EUR","base_price_xlsx","pax:5","archive_exclude_from_eto"
"United States of America","San Clemente","John Wayne Airport (SNA)","San Clemente","Business class car","59.64","EUR","base_price_xlsx","pax:3","archive_exclude_from_eto"
"United States of America","San Clemente","John Wayne Airport (SNA)","San Clemente","Businessvan 6 pax","91.77","EUR","base_price_xlsx","pax:6","archive_exclude_from_eto"
"United States of America","San Clemente","John Wayne Airport (SNA)","San Clemente","First class car","151.06","EUR","base_price_xlsx","pax:3","archive_exclude_from_eto"
"United States of America","San Clemente","John Wayne Airport (SNA)","San Clemente","SUV","48.71999999999999","EUR","base_price_xlsx","pax:5","archive_exclude_from_eto"
"United States of America","San Clemente","John Wayne Airport (SNA)","San Clemente","Standard MPV","48.71999999999999","EUR","base_price_xlsx","pax:4","archive_exclude_from_eto"
"United States of America","San Clemente","John Wayne Airport (SNA)","San Clemente","Standard class car","46.61999999999999","EUR","base_price_xlsx","pax:3","archive_exclude_from_eto"
"United States of America","San Clemente","John Wayne Airport (SNA)","San Clemente","Standard e-vehicle 3 pax","79.94","EUR","base_price_xlsx","pax:3","archive_exclude_from_eto"
"United States of America","San Diego","John Wayne Airport (SNA)","San Diego","Business class car","198.66","EUR","base_price_xlsx","pax:3","archive_exclude_from_eto"
"United States of America","San Diego","John Wayne Airport (SNA)","San Diego","Businessvan 6 pax","294.63","EUR","base_price_xlsx","pax:6","archive_exclude_from_eto"
"United States of America","San Diego","John Wayne Airport (SNA)","San Diego","First class car","549.9899999999999","EUR","base_price_xlsx","pax:3","archive_exclude_from_eto"
"United States of America","San Diego","John Wayne Airport (SNA)","San Diego","SUV","220.08","EUR","base_price_xlsx","pax:5","archive_exclude_from_eto"
"United States of America","San Diego","John Wayne Airport (SNA)","San Diego","Standard MPV","220.08","EUR","base_price_xlsx","pax:4","archive_exclude_from_eto"
"United States of America","San Diego","John Wayne Airport (SNA)","San Diego","Standard class car","184.38","EUR","base_price_xlsx","pax:3","archive_exclude_from_eto"
"United States of America","San Diego","John Wayne Airport (SNA)","San Diego","Standard e-vehicle 3 pax","212.3099999999999","EUR","base_price_xlsx","pax:3","archive_exclude_from_eto"
"United States of America","San Diego (0-19 miles)","San Diego International Airport (SAN)","San Diego (0-19 miles)","Business class car","65","EUR","base_price_xlsx","pax:3","excluded_from_place_list"
"United States of America","San Diego (0-19 miles)","San Diego International Airport (SAN)","San Diego (0-19 miles)","Standard MPV","55","EUR","base_price_xlsx","pax:5","excluded_from_place_list"
"United States of America","San Diego (0-19 miles)","San Diego International Airport (SAN)","San Diego (0-19 miles)","Standard class car","45","EUR","base_price_xlsx","pax:3","excluded_from_place_list"
"United States of America","San Diego (0-19 miles)","San Diego International Airport (SAN)","San Diego (0-19 miles)","Standard minivan 6 pax","60","EUR","base_price_xlsx","pax:6","excluded_from_place_list"
"United States of America","San Diego (20-39 miles)","San Diego International Airport (SAN)","San Diego (20-39 miles)","Business class car","100","EUR","base_price_xlsx","pax:3","excluded_from_place_list"
"United States of America","San Diego (20-39 miles)","San Diego International Airport (SAN)","San Diego (20-39 miles)","Standard MPV","80","EUR","base_price_xlsx","pax:5","excluded_from_place_list"
"United States of America","San Diego (20-39 miles)","San Diego International Airport (SAN)","San Diego (20-39 miles)","Standard class car","70","EUR","base_price_xlsx","pax:3","excluded_from_place_list"
"United States of America","San Diego (20-39 miles)","San Diego International Airport (SAN)","San Diego (20-39 miles)","Standard minivan 6 pax","85","EUR","base_price_xlsx","pax:6","excluded_from_place_list"
"United States of America","San Diego (40-59 miles)","San Diego International Airport (SAN)","San Diego (40-59 miles)","Business class car","150","EUR","base_price_xlsx","pax:3","excluded_from_place_list"
"United States of America","San Diego (40-59 miles)","San Diego International Airport (SAN)","San Diego (40-59 miles)","Standard MPV","115","EUR","base_price_xlsx","pax:5","excluded_from_place_list"
"United States of America","San Diego (40-59 miles)","San Diego International Airport (SAN)","San Diego (40-59 miles)","Standard class car","110","EUR","base_price_xlsx","pax:3","excluded_from_place_list"
"United States of America","San Diego (40-59 miles)","San Diego International Airport (SAN)","San Diego (40-59 miles)","Standard minivan 6 pax","120","EUR","base_price_xlsx","pax:6","excluded_from_place_list"
"United States of America","San Fernando","John Wayne Airport (SNA)","San Fernando","Business class car","143.4766666666666","EUR","base_price_xlsx","pax:3","archive_exclude_from_eto"
"United States of America","San Fernando","John Wayne Airport (SNA)","San Fernando","Businessvan 6 pax","212.7883333333333","EUR","base_price_xlsx","pax:6","archive_exclude_from_eto"
"United States of America","San Fernando","John Wayne Airport (SNA)","San Fernando","First class car","397.2149999999999","EUR","base_price_xlsx","pax:3","archive_exclude_from_eto"
"United States of America","San Fernando","John Wayne Airport (SNA)","San Fernando","SUV","158.9466666666667","EUR","base_price_xlsx","pax:5","archive_exclude_from_eto"
"United States of America","San Fernando","John Wayne Airport (SNA)","San Fernando","Standard MPV","158.9466666666667","EUR","base_price_xlsx","pax:4","archive_exclude_from_eto"
"United States of America","San Fernando","John Wayne Airport (SNA)","San Fernando","Standard class car","133.1633333333333","EUR","base_price_xlsx","pax:3","archive_exclude_from_eto"
"United States of America","San Fernando","John Wayne Airport (SNA)","San Fernando","Standard e-vehicle 3 pax","153.335","EUR","base_price_xlsx","pax:3","archive_exclude_from_eto"
"United States of America","San Fernando","Los Angeles Airport (LAX)","San Fernando","Business class car","57","EUR","base_price_xlsx","pax:3","archive_exclude_from_eto"
"United States of America","San Fernando","Los Angeles Airport (LAX)","San Fernando","Businessvan 6 pax","89","EUR","base_price_xlsx","pax:6","archive_exclude_from_eto"
"United States of America","San Fernando","Los Angeles Airport (LAX)","San Fernando","First class car","152","EUR","base_price_xlsx","pax:3","archive_exclude_from_eto"
"United States of America","San Fernando","Los Angeles Airport (LAX)","San Fernando","SUV","46","EUR","base_price_xlsx","pax:5","archive_exclude_from_eto"
"United States of America","San Francisco","John Wayne Airport (SNA)","San Francisco","Business class car","927.0799999999998","EUR","base_price_xlsx","pax:3","archive_exclude_from_eto"
"United States of America","San Francisco","John Wayne Airport (SNA)","San Francisco","Business class car","927.0799999999998","EUR","base_price_xlsx","pax:3","archive_exclude_from_eto"
"United States of America","San Francisco","John Wayne Airport (SNA)","San Francisco","Businessvan 6 pax","1374.94","EUR","base_price_xlsx","pax:6","archive_exclude_from_eto"
"United States of America","San Francisco","John Wayne Airport (SNA)","San Francisco","SUV","1027.04","EUR","base_price_xlsx","pax:5","archive_exclude_from_eto"
"United States of America","San Francisco","John Wayne Airport (SNA)","San Francisco","Standard MPV","1027.04","EUR","base_price_xlsx","pax:4","archive_exclude_from_eto"
"United States of America","San Francisco","John Wayne Airport (SNA)","San Francisco","Standard class car","860.4399999999998","EUR","base_price_xlsx","pax:3","archive_exclude_from_eto"
"United States of America","San Francisco","John Wayne Airport (SNA)","San Francisco","Standard e-vehicle 3 pax","990.7799999999999","EUR","base_price_xlsx","pax:3","archive_exclude_from_eto"
"United States of America","San Marcos+Rancho Santa Fe+Escondido","John Wayne Airport (SNA)","San Marcos+Rancho Santa Fe+Escondido","Business class car","165.55","EUR","base_price_xlsx","pax:3","archive_exclude_from_eto"
"United States of America","San Marcos+Rancho Santa Fe+Escondido","John Wayne Airport (SNA)","San Marcos+Rancho Santa Fe+Escondido","Businessvan 6 pax","245.525","EUR","base_price_xlsx","pax:6","archive_exclude_from_eto"
"United States of America","San Marcos+Rancho Santa Fe+Escondido","John Wayne Airport (SNA)","San Marcos+Rancho Santa Fe+Escondido","First class car","458.325","EUR","base_price_xlsx","pax:3","archive_exclude_from_eto"
"United States of America","San Marcos+Rancho Santa Fe+Escondido","John Wayne Airport (SNA)","San Marcos+Rancho Santa Fe+Escondido","SUV","183.4","EUR","base_price_xlsx","pax:5","archive_exclude_from_eto"
"United States of America","San Marcos+Rancho Santa Fe+Escondido","John Wayne Airport (SNA)","San Marcos+Rancho Santa Fe+Escondido","Standard MPV","183.4","EUR","base_price_xlsx","pax:4","archive_exclude_from_eto"
"United States of America","San Marcos+Rancho Santa Fe+Escondido","John Wayne Airport (SNA)","San Marcos+Rancho Santa Fe+Escondido","Standard class car","153.65","EUR","base_price_xlsx","pax:3","archive_exclude_from_eto"
"United States of America","San Marcos+Rancho Santa Fe+Escondido","John Wayne Airport (SNA)","San Marcos+Rancho Santa Fe+Escondido","Standard e-vehicle 3 pax","176.925","EUR","base_price_xlsx","pax:3","archive_exclude_from_eto"
"United States of America","Santa Barbara+Carpinteria","John Wayne Airport (SNA)","Santa Barbara+Carpinteria","Business class car","286.9533333333333","EUR","base_price_xlsx","pax:3","archive_exclude_from_eto"
"United States of America","Santa Barbara+Carpinteria","John Wayne Airport (SNA)","Santa Barbara+Carpinteria","Business class car","286.9533333333333","EUR","base_price_xlsx","pax:3","archive_exclude_from_eto"
"United States of America","Santa Barbara+Carpinteria","John Wayne Airport (SNA)","Santa Barbara+Carpinteria","Businessvan 6 pax","425.5766666666667","EUR","base_price_xlsx","pax:6","archive_exclude_from_eto"
"United States of America","Santa Barbara+Carpinteria","John Wayne Airport (SNA)","Santa Barbara+Carpinteria","SUV","317.8933333333333","EUR","base_price_xlsx","pax:5","archive_exclude_from_eto"
"United States of America","Santa Barbara+Carpinteria","John Wayne Airport (SNA)","Santa Barbara+Carpinteria","Standard MPV","317.8933333333333","EUR","base_price_xlsx","pax:4","archive_exclude_from_eto"
"United States of America","Santa Barbara+Carpinteria","John Wayne Airport (SNA)","Santa Barbara+Carpinteria","Standard class car","266.3266666666667","EUR","base_price_xlsx","pax:3","archive_exclude_from_eto"
"United States of America","Santa Barbara+Carpinteria","John Wayne Airport (SNA)","Santa Barbara+Carpinteria","Standard e-vehicle 3 pax","306.67","EUR","base_price_xlsx","pax:3","archive_exclude_from_eto"
"United States of America","Santa Clarita","John Wayne Airport (SNA)","Santa Clarita","Business class car","176.5866666666666","EUR","base_price_xlsx","pax:3","archive_exclude_from_eto"
"United States of America","Santa Clarita","John Wayne Airport (SNA)","Santa Clarita","Businessvan 6 pax","261.8933333333333","EUR","base_price_xlsx","pax:6","archive_exclude_from_eto"
"United States of America","Santa Clarita","John Wayne Airport (SNA)","Santa Clarita","First class car","488.8799999999999","EUR","base_price_xlsx","pax:3","archive_exclude_from_eto"
"United States of America","Santa Clarita","John Wayne Airport (SNA)","Santa Clarita","SUV","195.6266666666666","EUR","base_price_xlsx","pax:5","archive_exclude_from_eto"
"United States of America","Santa Clarita","John Wayne Airport (SNA)","Santa Clarita","Standard MPV","195.6266666666666","EUR","base_price_xlsx","pax:4","archive_exclude_from_eto"
"United States of America","Santa Clarita","John Wayne Airport (SNA)","Santa Clarita","Standard class car","163.8933333333333","EUR","base_price_xlsx","pax:3","archive_exclude_from_eto"
"United States of America","Santa Clarita","John Wayne Airport (SNA)","Santa Clarita","Standard e-vehicle 3 pax","188.72","EUR","base_price_xlsx","pax:3","archive_exclude_from_eto"
"United States of America","Santa Monica","John Wayne Airport (SNA)","Santa Monica","Business class car","118.44","EUR","base_price_xlsx","pax:3","archive_exclude_from_eto"
"United States of America","Santa Monica","John Wayne Airport (SNA)","Santa Monica","Businessvan 6 pax","174.72","EUR","base_price_xlsx","pax:6","archive_exclude_from_eto"
"United States of America","Santa Monica","John Wayne Airport (SNA)","Santa Monica","First class car","312.7599999999999","EUR","base_price_xlsx","pax:3","archive_exclude_from_eto"
"United States of America","Santa Monica","John Wayne Airport (SNA)","Santa Monica","SUV","126.42","EUR","base_price_xlsx","pax:5","archive_exclude_from_eto"
"United States of America","Santa Monica","John Wayne Airport (SNA)","Santa Monica","Standard MPV","126.42","EUR","base_price_xlsx","pax:4","archive_exclude_from_eto"
"United States of America","Santa Monica","John Wayne Airport (SNA)","Santa Monica","Standard class car","107.52","EUR","base_price_xlsx","pax:3","archive_exclude_from_eto"
"United States of America","Santa Monica","John Wayne Airport (SNA)","Santa Monica","Standard e-vehicle 3 pax","130.34","EUR","base_price_xlsx","pax:3","archive_exclude_from_eto"
"United States of America","Sunland+Tujunga","John Wayne Airport (SNA)","Sunland+Tujunga","Business class car","154.5133333333333","EUR","base_price_xlsx","pax:3","archive_exclude_from_eto"
"United States of America","Sunland+Tujunga","John Wayne Airport (SNA)","Sunland+Tujunga","Businessvan 6 pax","229.1566666666667","EUR","base_price_xlsx","pax:6","archive_exclude_from_eto"
"United States of America","Sunland+Tujunga","John Wayne Airport (SNA)","Sunland+Tujunga","First class car","427.7699999999999","EUR","base_price_xlsx","pax:3","archive_exclude_from_eto"
"United States of America","Sunland+Tujunga","John Wayne Airport (SNA)","Sunland+Tujunga","SUV","171.1733333333333","EUR","base_price_xlsx","pax:5","archive_exclude_from_eto"
"United States of America","Sunland+Tujunga","John Wayne Airport (SNA)","Sunland+Tujunga","Standard MPV","171.1733333333333","EUR","base_price_xlsx","pax:4","archive_exclude_from_eto"
"United States of America","Sunland+Tujunga","John Wayne Airport (SNA)","Sunland+Tujunga","Standard class car","143.4066666666667","EUR","base_price_xlsx","pax:3","archive_exclude_from_eto"
"United States of America","Sunland+Tujunga","John Wayne Airport (SNA)","Sunland+Tujunga","Standard e-vehicle 3 pax","165.13","EUR","base_price_xlsx","pax:3","archive_exclude_from_eto"
"United States of America","Thousand Oaks+Simi Valley","John Wayne Airport (SNA)","Thousand Oaks+Simi Valley","Business class car","187.6233333333333","EUR","base_price_xlsx","pax:3","archive_exclude_from_eto"
"United States of America","Thousand Oaks+Simi Valley","John Wayne Airport (SNA)","Thousand Oaks+Simi Valley","Businessvan 6 pax","278.2616666666667","EUR","base_price_xlsx","pax:6","archive_exclude_from_eto"
"United States of America","Thousand Oaks+Simi Valley","John Wayne Airport (SNA)","Thousand Oaks+Simi Valley","First class car","519.435","EUR","base_price_xlsx","pax:3","archive_exclude_from_eto"
"United States of America","Thousand Oaks+Simi Valley","John Wayne Airport (SNA)","Thousand Oaks+Simi Valley","SUV","207.8533333333333","EUR","base_price_xlsx","pax:5","archive_exclude_from_eto"
"United States of America","Thousand Oaks+Simi Valley","John Wayne Airport (SNA)","Thousand Oaks+Simi Valley","Standard MPV","207.8533333333333","EUR","base_price_xlsx","pax:4","archive_exclude_from_eto"
"United States of America","Thousand Oaks+Simi Valley","John Wayne Airport (SNA)","Thousand Oaks+Simi Valley","Standard class car","174.1366666666667","EUR","base_price_xlsx","pax:3","archive_exclude_from_eto"
"United States of America","Thousand Oaks+Simi Valley","John Wayne Airport (SNA)","Thousand Oaks+Simi Valley","Standard e-vehicle 3 pax","200.515","EUR","base_price_xlsx","pax:3","archive_exclude_from_eto"
"United States of America","Torrance","Los Angeles Airport (LAX)","Torrance","Business class car","55","EUR","base_price_xlsx","pax:3","archive_exclude_from_eto"
"United States of America","Torrance","Los Angeles Airport (LAX)","Torrance","Businessvan 6 pax","86","EUR","base_price_xlsx","pax:6","archive_exclude_from_eto"
"United States of America","Torrance","Los Angeles Airport (LAX)","Torrance","First class car","146","EUR","base_price_xlsx","pax:3","archive_exclude_from_eto"
"United States of America","Torrance","Los Angeles Airport (LAX)","Torrance","SUV","44","EUR","base_price_xlsx","pax:5","archive_exclude_from_eto"
"United States of America","Universal City","Los Angeles Airport (LAX)","Universal City","Business class car","60","EUR","base_price_xlsx","pax:3","archive_exclude_from_eto"
"United States of America","Universal City","Los Angeles Airport (LAX)","Universal City","Businessvan 6 pax","92","EUR","base_price_xlsx","pax:6","archive_exclude_from_eto"
"United States of America","Universal City","Los Angeles Airport (LAX)","Universal City","First class car","152","EUR","base_price_xlsx","pax:3","archive_exclude_from_eto"
"United States of America","Universal City","Los Angeles Airport (LAX)","Universal City","SUV","49","EUR","base_price_xlsx","pax:5","archive_exclude_from_eto"