"name","count","countries","cities","roles","samples","etoStatus","category"
"Bab Al Shams Desert Resor, Dubai","8","United Arab Emirates","Bab Al Shams Desert Resor, Dubai","to","Dubai international Airport (DXB) -> Bab Al Shams Desert Resor, Dubai || Dubai international Airport (DXB) -> Bab Al Shams Desert Resor, Dubai || Dubai international Airport (DXB) -> Bab Al Shams Desert Resor, Dubai","missing","hotel_resort"
"Phuket Island to delete","8","Thailand","Phuket Island to delete","to","Krabi International Airport (KBV) -> Phuket Island to delete || Krabi International Airport (KBV) -> Phuket Island to delete || Phuket International Airport (HKT) -> Phuket Island to delete","missing","ambiguous"
"Conrad Hotel Samui","7","Thailand","Conrad Hotel Samui","to","Koh Samui - Mae Nam Port (Surat Thani ) -> Conrad Hotel Samui || Koh Samui - Mae Nam Port (Surat Thani ) -> Conrad Hotel Samui || Samui International Airport (USM) -> Conrad Hotel Samui","missing","hotel_resort"
"Element Boutique","7","Thailand","Element Boutique","to","Koh Samui - Mae Nam Port (Surat Thani ) -> Element Boutique || Koh Samui - Mae Nam Port (Surat Thani ) -> Element Boutique || Samui International Airport (USM) -> Element Boutique","missing","hotel_resort"
"Petra","6","Jordan","Petra","to","Amman Civil Airport (Marka) (ADJ) -> Petra || Amman Civil Airport (Marka) (ADJ) -> Petra || Amman Civil Airport (Marka) (ADJ) -> Petra","missing","city"
"Saint Petersburg","6","Russia","Saint Petersburg","to","Saint-Petersburg Pulkovo Airport (LED) -> Saint Petersburg || Saint-Petersburg Pulkovo Airport (LED) -> Saint Petersburg || Saint-Petersburg Pulkovo Airport (LED) -> Saint Petersburg","missing","city"
"Sheikh Hussein Bridge","6","Jordan","Sheikh Hussein Bridge","to","Amman Civil Airport (Marka) (ADJ) -> Sheikh Hussein Bridge || Amman Civil Airport (Marka) (ADJ) -> Sheikh Hussein Bridge || Amman Civil Airport (Marka) (ADJ) -> Sheikh Hussein Bridge","missing","city"
"Avsallar","5","Turkey","Avsallar","to","Antalya Airport (AYT) -> Avsallar || Antalya Airport (AYT) -> Avsallar || Antalya Airport (AYT) -> Avsallar","missing","city"
"Basel","5","France","Basel","to","EuroAirport Basel Mulhouse Freiburg (MLH, BSL, EA -> Basel || EuroAirport Basel Mulhouse Freiburg (MLH, BSL, EA -> Basel || EuroAirport Basel Mulhouse Freiburg (MLH, BSL, EA -> Basel","missing","city"
"Colakli / Çolaklı","5","Turkey","Colakli / Çolaklı","to","Antalya Airport (AYT) -> Colakli / Çolaklı || Antalya Airport (AYT) -> Colakli / Çolaklı || Antalya Airport (AYT) -> Colakli / Çolaklı","missing","city"
"Evrenseki","5","Turkey","Evrenseki","to","Antalya Airport (AYT) -> Evrenseki || Antalya Airport (AYT) -> Evrenseki || Antalya Airport (AYT) -> Evrenseki","missing","city"
"Hua Thanon, Samui","5","Thailand","Hua Thanon, Samui","to","Koh Samui - Mae Nam Port (Surat Thani ) -> Hua Thanon, Samui || Koh Samui - Mae Nam Port (Surat Thani ) -> Hua Thanon, Samui || Samui International Airport (USM) -> Hua Thanon, Samui","missing","city"
"Kadriye","5","Turkey","Kadriye","to","Antalya Airport (AYT) -> Kadriye || Antalya Airport (AYT) -> Kadriye || Antalya Airport (AYT) -> Kadriye","missing","city"
"Kizilagac / Kızılağaç","5","Turkey","Kizilagac / Kızılağaç","to","Antalya Airport (AYT) -> Kizilagac / Kızılağaç || Antalya Airport (AYT) -> Kizilagac / Kızılağaç || Antalya Airport (AYT) -> Kizilagac / Kızılağaç","missing","city"
"Konakli","5","Turkey","Konakli","to","Antalya Airport (AYT) -> Konakli || Antalya Airport (AYT) -> Konakli || Antalya Airport (AYT) -> Konakli","missing","city"
"Malmö / Malmo","5","Denmark|Sweden","Malmö / Malmo","to","Copenhagen Kastrup Airport (CPH) -> Malmö / Malmo || Copenhagen Kastrup Airport (CPH) -> Malmö / Malmo || Copenhagen Kastrup Airport (CPH) -> Malmö / Malmo","missing","city"
"Railay, Krabi","5","Thailand","Railay, Krabi","to","Krabi International Airport (KBV) -> Railay, Krabi || Krabi International Airport (KBV) -> Railay, Krabi || Phuket International Airport (HKT) -> Railay, Krabi","missing","city"
"Turkler / Türkler","5","Turkey","Turkler / Türkler","to","Antalya Airport (AYT) -> Turkler / Türkler || Antalya Airport (AYT) -> Turkler / Türkler || Antalya Airport (AYT) -> Turkler / Türkler","missing","city"
"Adrasan","4","Turkey","Adrasan","to","Antalya Airport (AYT) -> Adrasan || Antalya Airport (AYT) -> Adrasan || Antalya Airport (AYT) -> Adrasan","missing","city"
"Aleenta Phuket Phang Nga + NaTai","4","Thailand","Aleenta Phuket Phang Nga + NaTai","to","Phuket International Airport (HKT) -> Aleenta Phuket Phang Nga + NaTai || Phuket International Airport (HKT) -> Aleenta Phuket Phang Nga + NaTai || Phuket International Airport (HKT) -> Aleenta Phuket Phang Nga + NaTai","missing","hotel_resort"
"Camyuva / Çamyuva","4","Turkey","Camyuva / Çamyuva","to","Antalya Airport (AYT) -> Camyuva / Çamyuva || Antalya Airport (AYT) -> Camyuva / Çamyuva || Antalya Airport (AYT) -> Camyuva / Çamyuva","missing","city"
"Cirali / Çıralı (Kemer, Antlaya)","4","Turkey","Cirali / Çıralı (Kemer, Antlaya)","to","Antalya Airport (AYT) -> Cirali / Çıralı (Kemer, Antlaya) || Antalya Airport (AYT) -> Cirali / Çıralı (Kemer, Antlaya) || Antalya Airport (AYT) -> Cirali / Çıralı (Kemer, Antlaya)","missing","city"
"Denizyaka","4","Turkey","Denizyaka","to","Antalya Airport (AYT) -> Denizyaka || Antalya Airport (AYT) -> Denizyaka || Antalya Airport (AYT) -> Denizyaka","missing","city"
"Hamburg","4","Germany","Hamburg","to","Hamburg Airport (HAM) -> Hamburg || Hamburg Airport (HAM) -> Hamburg || Hamburg Airport (HAM) -> Hamburg","missing","city"
"Kargıcak","4","Turkey","Kargıcak","to","Antalya Airport (AYT) -> Kargıcak || Antalya Airport (AYT) -> Kargıcak || Antalya Airport (AYT) -> Kargıcak","missing","city"
"Kiris / Kiriş","4","Turkey","Kiris / Kiriş","to","Antalya Airport (AYT) -> Kiris / Kiriş || Antalya Airport (AYT) -> Kiris / Kiriş || Antalya Airport (AYT) -> Kiris / Kiriş","missing","city"
"Okurcalar","4","Turkey","Okurcalar","to","Antalya Airport (AYT) -> Okurcalar || Antalya Airport (AYT) -> Okurcalar || Antalya Airport (AYT) -> Okurcalar","missing","city"
"San Diego (0-19 miles)","4","United States of America","San Diego (0-19 miles)","to","San Diego International Airport (SAN) -> San Diego (0-19 miles) || San Diego International Airport (SAN) -> San Diego (0-19 miles) || San Diego International Airport (SAN) -> San Diego (0-19 miles)","missing","city"
"San Diego (20-39 miles)","4","United States of America","San Diego (20-39 miles)","to","San Diego International Airport (SAN) -> San Diego (20-39 miles) || San Diego International Airport (SAN) -> San Diego (20-39 miles) || San Diego International Airport (SAN) -> San Diego (20-39 miles)","missing","city"
"San Diego (40-59 miles)","4","United States of America","San Diego (40-59 miles)","to","San Diego International Airport (SAN) -> San Diego (40-59 miles) || San Diego International Airport (SAN) -> San Diego (40-59 miles) || San Diego International Airport (SAN) -> San Diego (40-59 miles)","missing","city"
"Tai Po","4","China","Tai Po","to","Hong Kong Airport (HKG) -> Tai Po || Hong Kong Airport (HKG) -> Tai Po || Hong Kong Airport (HKG) -> Tai Po","missing","city"
"Tuen Mun","4","China","Tuen Mun","to","Hong Kong Airport (HKG) -> Tuen Mun || Hong Kong Airport (HKG) -> Tuen Mun || Hong Kong Airport (HKG) -> Tuen Mun","missing","city"
"Wong Tai Sin","4","China","Wong Tai Sin","to","Hong Kong Airport (HKG) -> Wong Tai Sin || Hong Kong Airport (HKG) -> Wong Tai Sin || Hong Kong Airport (HKG) -> Wong Tai Sin","missing","city"
"Yuen Long","4","China","Yuen Long","to","Hong Kong Airport (HKG) -> Yuen Long || Hong Kong Airport (HKG) -> Yuen Long || Hong Kong Airport (HKG) -> Yuen Long","missing","city"
"Bozburun (Marmaris)","3","Turkey","Bozburun (Marmaris)","to","Dalaman Airport (DLM) -> Bozburun (Marmaris) || Dalaman Airport (DLM) -> Bozburun (Marmaris) || Dalaman Airport (DLM) -> Bozburun (Marmaris)","missing","city"
"Doi Suthep Temple","3","Thailand","Doi Suthep Temple","to","Chiang Mai International Airport (CNX) -> Doi Suthep Temple || Chiang Mai International Airport (CNX) -> Doi Suthep Temple || Chiang Mai International Airport (CNX) -> Doi Suthep Temple","missing","city"
"Incekum","3","Turkey","Incekum","to","Antalya Airport (AYT) -> Incekum || Antalya Airport (AYT) -> Incekum || Antalya Airport (AYT) -> Incekum","missing","city"
"Kaitaa / Soukka / Matinkyla / Olari / Latokaski","3","Finland","Kaitaa / Soukka / Matinkyla / Olari / Latokaski","to","Helsinki Vantaa airport (HEL) -> Kaitaa / Soukka / Matinkyla / Olari / Latokaski || Helsinki Vantaa airport (HEL) -> Kaitaa / Soukka / Matinkyla / Olari / Latokaski || Helsinki Vantaa airport (HEL) -> Kaitaa / Soukka / Matinkyla / Olari / Latokaski","missing","city"
"Kizilot","3","Turkey","Kizilot","to","Antalya Airport (AYT) -> Kizilot || Antalya Airport (AYT) -> Kizilot || Antalya Airport (AYT) -> Kizilot","missing","city"
"Lampoon","3","Thailand","Lampoon","to","Chiang Mai International Airport (CNX) -> Lampoon || Chiang Mai International Airport (CNX) -> Lampoon || Chiang Mai International Airport (CNX) -> Lampoon","missing","city"
"Oba","3","Turkey","Oba","to","Antalya Airport (AYT) -> Oba || Antalya Airport (AYT) -> Oba || Antalya Airport (AYT) -> Oba","missing","city"
"Rauma","3","Finland","Rauma","to","Helsinki Vantaa airport (HEL) -> Rauma || Helsinki Vantaa airport (HEL) -> Rauma || Helsinki Vantaa airport (HEL) -> Rauma","missing","city"
"Rovaniemi City","3","Finland|Sweden","Rovaniemi City","to","Rovaniemi Airport (RVN) -> Rovaniemi City || Rovaniemi Airport (RVN) -> Rovaniemi City || Luleå Airport (LLA) -> Rovaniemi City","missing","city"
"Selimiye (Marmaris)","3","Turkey","Selimiye (Marmaris)","to","Dalaman Airport (DLM) -> Selimiye (Marmaris) || Dalaman Airport (DLM) -> Selimiye (Marmaris) || Dalaman Airport (DLM) -> Selimiye (Marmaris)","missing","city"
"Shahdag (Quba, Qusar)","3","Azerbaijan","Shahdag (Quba, Qusar)","to","Baku Heydar Aliyev International Airport (GYD) -> Shahdag (Quba, Qusar) || Baku Heydar Aliyev International Airport (GYD) -> Shahdag (Quba, Qusar) || Baku Heydar Aliyev International Airport (GYD) -> Shahdag (Quba, Qusar)","missing","city"
"Titreyengol lake","3","Turkey","Titreyengol lake","to","Antalya Airport (AYT) -> Titreyengol lake || Antalya Airport (AYT) -> Titreyengol lake || Antalya Airport (AYT) -> Titreyengol lake","missing","city"
"Tufandag (Gabala)","3","Azerbaijan","Tufandag (Gabala)","to","Baku Heydar Aliyev International Airport (GYD) -> Tufandag (Gabala) || Baku Heydar Aliyev International Airport (GYD) -> Tufandag (Gabala) || Baku Heydar Aliyev International Airport (GYD) -> Tufandag (Gabala)","missing","city"
"Anadolu transfer","2","Turkey","Istanbul","to","Bursa -> Anadolu transfer || Bursa -> Anadolu transfer","missing","city"
"Ao Thalane Bay, Krabi","2","Thailand","Ao Thalane Bay, Krabi","to","Phuket International Airport (HKT) -> Ao Thalane Bay, Krabi || Phuket International Airport (HKT) -> Ao Thalane Bay, Krabi","missing","city"
"Bang Saen, Chon Buri","2","Thailand","Bang Saen, Chon Buri","to","Bangkok Suvarnabhumi Airport (BKK) -> Bang Saen, Chon Buri || Bangkok Suvarnabhumi Airport (BKK) -> Bang Saen, Chon Buri","missing","city"
"Central and Western","2","China","Central and Western","to","Hong Kong Airport (HKG) -> Central and Western || Hong Kong Airport (HKG) -> Central and Western","missing","city"
"Cheow Lan Dam, Surat Thani","2","Thailand","Cheow Lan Dam, Surat Thani","to","Phuket International Airport (HKT) -> Cheow Lan Dam, Surat Thani || Phuket International Airport (HKT) -> Cheow Lan Dam, Surat Thani","missing","city"
"Disposal up to 8 hours / 100 km within Istanbul","2","Turkey","Istanbul","to","Istanbul -> Disposal up to 8 hours / 100 km within Istanbul || Istanbul -> Disposal up to 8 hours / 100 km within Istanbul","missing","ambiguous"
"El Alamein","2","Egypt","El Alamein","to","Cairo International Airport (CAI) -> El Alamein || Cairo International Airport (CAI) -> El Alamein","missing","city"
"Emerald Lake Hotel Thailand","2","Thailand","Emerald Lake Hotel Thailand","to","Krabi International Airport (KBV) -> Emerald Lake Hotel Thailand || Krabi International Airport (KBV) -> Emerald Lake Hotel Thailand","missing","hotel_resort"
"Full day disposal up to 12 hours / 120 km classic Istanbul tour","2","Turkey","Istanbul","to","Istanbul -> Full day disposal up to 12 hours / 120 km classic Istanbul tour || Istanbul -> Full day disposal up to 12 hours / 120 km classic Istanbul tour","missing","ambiguous"
"Gåshaga","2","Sweden","Gåshaga","to","Stockholm Arlanda Airport (ARN) -> Gåshaga || Stockholm Arlanda Airport (ARN) -> Gåshaga","missing","city"
"Grand Rotana Resort","2","Egypt","Grand Rotana Resort","to","Sharm el-Sheikh International Airport (SSH) -> Grand Rotana Resort || Sharm el-Sheikh International Airport (SSH) -> Grand Rotana Resort","missing","hotel_resort"
"Grisslehamn","2","Sweden","Grisslehamn","to","Stockholm Arlanda Airport (ARN) -> Grisslehamn || Stockholm Arlanda Airport (ARN) -> Grisslehamn","missing","city"
"Heliopolis","2","Egypt","Heliopolis","to","Cairo International Airport (CAI) -> Heliopolis || Cairo International Airport (CAI) -> Heliopolis","missing","city"
"Hetepuronpolku","2","Finland","Hetepuronpolku","to","Rovaniemi Airport (RVN) -> Hetepuronpolku || Rovaniemi Airport (RVN) -> Hetepuronpolku","missing","city"
"Hot Waterfall Hotel/ Hot Stream Krabi Thailand","2","Thailand","Hot Waterfall Hotel/ Hot Stream Krabi Thailand","to","Krabi International Airport (KBV) -> Hot Waterfall Hotel/ Hot Stream Krabi Thailand || Krabi International Airport (KBV) -> Hot Waterfall Hotel/ Hot Stream Krabi Thailand","missing","hotel_resort"
"Karvonranta","2","Finland","Karvonranta","to","Rovaniemi Airport (RVN) -> Karvonranta || Rovaniemi Airport (RVN) -> Karvonranta","missing","city"
"Korkalovaara","2","Finland","Korkalovaara","to","Rovaniemi Airport (RVN) -> Korkalovaara || Rovaniemi Airport (RVN) -> Korkalovaara","missing","city"
"Nabq Bay","2","Egypt","Nabq Bay","to","Sharm el-Sheikh International Airport (SSH) -> Nabq Bay || Sharm el-Sheikh International Airport (SSH) -> Nabq Bay","missing","city"
"Nacka, Sweden","2","Sweden","Nacka, Sweden","to","Stockholm Arlanda Airport (ARN) -> Nacka, Sweden || Stockholm Arlanda Airport (ARN) -> Nacka, Sweden","missing","city"
"Nathon-Lipa Thailand","2","Thailand","Nathon-Lipa Thailand","to","Koh Samui - Mae Nam Port (Surat Thani ) -> Nathon-Lipa Thailand || Samui International Airport (USM) -> Nathon-Lipa Thailand","missing","city"
"Nivavaara","2","Finland","Nivavaara","to","Rovaniemi Airport (RVN) -> Nivavaara || Rovaniemi Airport (RVN) -> Nivavaara","missing","city"
"Nusa dua","2","Indonesia","Nusa dua","to","Denpasar Ngurah Rai Airport (DPS) -> Nusa dua || Ubud -> Nusa dua","missing","city"
"Petrozavodsk","2","Russia","Petrozavodsk","to","Petrozavodsk Airport (PES) -> Petrozavodsk || Petrozavodsk Airport (PES) -> Petrozavodsk","missing","city"
"Phetchaburi","2","Thailand","Phetchaburi","to","Bangkok Suvarnabhumi Airport (BKK) -> Phetchaburi || Bangkok Suvarnabhumi Airport (BKK) -> Phetchaburi","missing","city"
"Phoenix, AZ","2","United States of America","Phoenix, AZ","to","Phoenix Sky Harbor Airport (PHX) -> Phoenix, AZ || Phoenix Sky Harbor Airport (PHX) -> Phoenix, AZ","missing","city"
"Pissouri","2","Cyprus","Pissouri","to","Larnaca Airport (LCA) -> Pissouri || Paphos Airport (PFO) -> Pissouri","missing","city"
"Polis","2","Cyprus","Polis","to","Larnaca Airport (LCA) -> Polis || Paphos Airport (PFO) -> Polis","missing","city"
"Pomos","2","Cyprus","Pomos","to","Larnaca Airport (LCA) -> Pomos || Paphos Airport (PFO) -> Pomos","missing","city"
"Protaras","2","Cyprus","Protaras","to","Larnaca Airport (LCA) -> Protaras || Paphos Airport (PFO) -> Protaras","missing","city"
"Pullinranta","2","Finland","Pullinranta","to","Rovaniemi Airport (RVN) -> Pullinranta || Rovaniemi Airport (RVN) -> Pullinranta","missing","city"
"Ranong","2","Thailand","Ranong","to","Phuket International Airport (HKT) -> Ranong || Phuket International Airport (HKT) -> Ranong","missing","city"
"Ras Suder","2","Egypt","Ras Suder","to","Cairo International Airport (CAI) -> Ras Suder || Cairo International Airport (CAI) -> Ras Suder","missing","city"
"Rovaniemen mlk Suutarinkorva","2","Finland","Rovaniemen mlk Suutarinkorva","to","Rovaniemi Airport (RVN) -> Rovaniemen mlk Suutarinkorva || Rovaniemi Airport (RVN) -> Rovaniemen mlk Suutarinkorva","missing","city"
"Sadao Border (to Malaysia), Songkhla","2","Thailand","Sadao Border (to Malaysia), Songkhla","to","Phuket International Airport (HKT) -> Sadao Border (to Malaysia), Songkhla || Phuket International Airport (HKT) -> Sadao Border (to Malaysia), Songkhla","missing","city"
"Safaga","2","Egypt","Safaga","to","Hurghada Airport (HRG) -> Safaga || Hurghada Airport (HRG) -> Safaga","missing","city"
"Saint Catherine","2","Egypt","Saint Catherine","to","Sharm el-Sheikh International Airport (SSH) -> Saint Catherine || Sharm el-Sheikh International Airport (SSH) -> Saint Catherine","missing","city"
"Saiyoke","2","Thailand","Saiyoke","to","Bangkok Suvarnabhumi Airport (BKK) -> Saiyoke || Bangkok Suvarnabhumi Airport (BKK) -> Saiyoke","missing","city"
"Saltsjöbaden locality","2","Sweden","Saltsjöbaden locality","to","Stockholm Arlanda Airport (ARN) -> Saltsjöbaden locality || Stockholm Arlanda Airport (ARN) -> Saltsjöbaden locality","missing","city"
"Samet Nang She viewpoint, Phang Nga","2","Thailand","Samet Nang She viewpoint, Phang Nga","to","Phuket International Airport (HKT) -> Samet Nang She viewpoint, Phang Nga || Phuket International Airport (HKT) -> Samet Nang She viewpoint, Phang Nga","missing","city"
"Satun","2","Thailand","Satun","to","Phuket International Airport (HKT) -> Satun || Phuket International Airport (HKT) -> Satun","missing","city"
"Si Sunthon, Phuket","2","Thailand","Si Sunthon, Phuket","to","Phuket International Airport (HKT) -> Si Sunthon, Phuket || Phuket International Airport (HKT) -> Si Sunthon, Phuket","missing","city"
"Sigtuna town","2","Sweden","Sigtuna town","to","Stockholm Arlanda Airport (ARN) -> Sigtuna town || Stockholm Arlanda Airport (ARN) -> Sigtuna town","missing","city"
"Skellefteå","2","Sweden","Skellefteå","to","Luleå Airport (LLA) -> Skellefteå || Skellefteå Airport (SFT) -> Skellefteå","missing","city"
"Skogås locality","2","Sweden","Skogås locality","to","Stockholm Arlanda Airport (ARN) -> Skogås locality || Stockholm Arlanda Airport (ARN) -> Skogås locality","missing","city"
"Södertälje city","2","Sweden","Södertälje city","to","Stockholm Arlanda Airport (ARN) -> Södertälje city || Stockholm Arlanda Airport (ARN) -> Södertälje city","missing","city"
"Sollentuna municipality","2","Sweden","Sollentuna municipality","to","Stockholm Arlanda Airport (ARN) -> Sollentuna municipality || Stockholm Arlanda Airport (ARN) -> Sollentuna municipality","missing","city"
"Solna municipality","2","Sweden","Solna municipality","to","Stockholm Arlanda Airport (ARN) -> Solna municipality || Stockholm Arlanda Airport (ARN) -> Solna municipality","missing","city"
"Soma Bay","2","Egypt","Soma Bay","to","Hurghada Airport (HRG) -> Soma Bay || Hurghada Airport (HRG) -> Soma Bay","missing","city"
"Songkhla Province","2","Thailand","Songkhla Province","to","Phuket International Airport (HKT) -> Songkhla Province || Phuket International Airport (HKT) -> Songkhla Province","missing","city"
"Sukhothai disctrict","2","Thailand","Sukhothai disctrict","to","Chiang Mai International Airport (CNX) -> Sukhothai disctrict || Chiang Mai International Airport (CNX) -> Sukhothai disctrict","missing","city"
"Sundbyberg town","2","Sweden","Sundbyberg town","to","Stockholm Arlanda Airport (ARN) -> Sundbyberg town || Stockholm Arlanda Airport (ARN) -> Sundbyberg town","missing","city"
"Syvasenvaar","2","Finland","Syvasenvaar","to","Rovaniemi Airport (RVN) -> Syvasenvaar || Rovaniemi Airport (RVN) -> Syvasenvaar","missing","city"
"Taba","2","Egypt","Taba","to","Sharm el-Sheikh International Airport (SSH) -> Taba || Sharm el-Sheikh International Airport (SSH) -> Taba","missing","city"
"Täby","2","Sweden","Täby","to","Stockholm Arlanda Airport (ARN) -> Täby || Stockholm Arlanda Airport (ARN) -> Täby","missing","city"
"Tala","2","Cyprus","Tala","to","Larnaca Airport (LCA) -> Tala || Paphos Airport (PFO) -> Tala","missing","city"
"Tankhoi","2","Russia","Tankhoi","to","International Airport Irkutsk (IKT) -> Tankhoi || International Airport Irkutsk (IKT) -> Tankhoi","missing","city"
"Tarvantie","2","Finland","Tarvantie","to","Rovaniemi Airport (RVN) -> Tarvantie || Rovaniemi Airport (RVN) -> Tarvantie","missing","city"
"Tashkent","2","Uzbekistan","Tashkent","to","Tashkent International Airport (TAS) -> Tashkent || Tashkent International Airport (TAS) -> Tashkent","missing","city"
"Thai Mueang, Phang Nga","2","Thailand","Thai Mueang, Phang Nga","to","Phuket International Airport (HKT) -> Thai Mueang, Phang Nga || Phuket International Airport (HKT) -> Thai Mueang, Phang Nga","missing","city"
"Thap Put, Phang Nga","2","Thailand","Thap Put, Phang Nga","to","Phuket International Airport (HKT) -> Thap Put, Phang Nga || Phuket International Airport (HKT) -> Thap Put, Phang Nga","missing","city"
"Thep Krasatti, Phuket","2","Thailand","Thep Krasatti, Phuket","to","Phuket International Airport (HKT) -> Thep Krasatti, Phuket || Phuket International Airport (HKT) -> Thep Krasatti, Phuket","missing","city"
"Torba","2","Turkey","Torba","to","Milas–Bodrum International Airport (BJV) -> Torba || Milas–Bodrum International Airport (BJV) -> Torba","missing","city"
"Tsada","2","Cyprus","Tsada","to","Larnaca Airport (LCA) -> Tsada || Paphos Airport (PFO) -> Tsada","missing","city"
"Tutkijantie","2","Finland","Tutkijantie","to","Rovaniemi Airport (RVN) -> Tutkijantie || Rovaniemi Airport (RVN) -> Tutkijantie","missing","city"
"Tyresö municipality / Tyreso","2","Sweden","Tyresö municipality / Tyreso","to","Stockholm Arlanda Airport (ARN) -> Tyresö municipality / Tyreso || Stockholm Arlanda Airport (ARN) -> Tyresö municipality / Tyreso","missing","city"
"Ufa","2","Russia","Ufa","to","Ufa International Airport (UFA) -> Ufa || Ufa International Airport (UFA) -> Ufa","missing","city"
"Ulan-Ude","2","Russia","Ulan-Ude","to","Baikal International Airport (UUD) -> Ulan-Ude || Baikal International Airport (UUD) -> Ulan-Ude","missing","city"
"Uluwatu","2","Indonesia","Uluwatu","to","Denpasar Ngurah Rai Airport (DPS) -> Uluwatu || Ubud -> Uluwatu","missing","city"
"Uppsala city","2","Sweden","Uppsala city","to","Stockholm Arlanda Airport (ARN) -> Uppsala city || Stockholm Arlanda Airport (ARN) -> Uppsala city","missing","city"
"Vaarala","2","Finland","Vaarala","to","Rovaniemi Airport (RVN) -> Vaarala || Rovaniemi Airport (RVN) -> Vaarala","missing","city"
"Värmdö municipality / Varmdo","2","Sweden","Värmdö municipality / Varmdo","to","Stockholm Arlanda Airport (ARN) -> Värmdö municipality / Varmdo || Stockholm Arlanda Airport (ARN) -> Värmdö municipality / Varmdo","missing","city"
"Västerås city","2","Sweden","Västerås city","to","Stockholm Arlanda Airport (ARN) -> Västerås city || Stockholm Arlanda Airport (ARN) -> Västerås city","missing","city"
"Vaxolm locality","2","Sweden","Vaxolm locality","to","Stockholm Arlanda Airport (ARN) -> Vaxolm locality || Stockholm Arlanda Airport (ARN) -> Vaxolm locality","missing","city"
"Vienna","2","Austria","Vienna","to","Vienna Schwechat Airport (VIE) -> Vienna || Vienna Schwechat Airport (VIE) -> Vienna","missing","city"
"Visby","2","Sweden","Visby","to","Visby Airport (VBY) -> Visby || Visby Airport (VBY) -> Visby","missing","city"
"Vladivostok","2","Russia","Vladivostok","to","Vladivostok International Airport (VVO) -> Vladivostok || Vladivostok International Airport (VVO) -> Vladivostok","missing","city"
"Warsaw","2","Russia","Warsaw","to","Kaliningrad Khrabrovo Airport (KGD) -> Warsaw || Kaliningrad Khrabrovo Airport (KGD) -> Warsaw","missing","city"
"Yala city, Yala","2","Thailand","Yala city, Yala","to","Phuket International Airport (HKT) -> Yala city, Yala || Phuket International Airport (HKT) -> Yala city, Yala","missing","city"
"Yli-Mommo","2","Finland","Yli-Mommo","to","Rovaniemi Airport (RVN) -> Yli-Mommo || Rovaniemi Airport (RVN) -> Yli-Mommo","missing","city"
"Ylipaa","2","Finland","Ylipaa","to","Rovaniemi Airport (RVN) -> Ylipaa || Rovaniemi Airport (RVN) -> Ylipaa","missing","city"
"Aarhus city","1","Denmark","Aarhus","to","Billund Airport (BLL) -> Aarhus city","missing","city"
"Abisko","1","Sweden","Abisko","to","Kiruna Airport (KRN) -> Abisko","missing","city"
"Agios Mamas","1","Cyprus","Agios Mamas","to","Larnaca Airport (LCA) -> Agios Mamas","missing","city"
"Agraka","1","Cyprus","Agraka","to","Larnaca Airport (LCA) -> Agraka","missing","city"
"Agros","1","Cyprus","Agros","to","Larnaca Airport (LCA) -> Agros","missing","city"
"Akaki","1","Cyprus","Akaki","to","Larnaca Airport (LCA) -> Akaki","missing","city"
"Akrotiri","1","Cyprus","Akrotiri","to","Larnaca Airport (LCA) -> Akrotiri","missing","city"
"Alassa","1","Cyprus","Alassa","to","Larnaca Airport (LCA) -> Alassa","missing","city"
"Anantara Bophut Koh Samui Resort","1","Thailand","Anantara Bophut Koh Samui Resort","to","Samui International Airport (USM) -> Anantara Bophut Koh Samui Resort","missing","hotel_resort"
"Anogyra","1","Cyprus","Anogyra","to","Larnaca Airport (LCA) -> Anogyra","missing","city"
"Arakapas","1","Cyprus","Arakapas","to","Larnaca Airport (LCA) -> Arakapas","missing","city"
"Åre / Are","1","Sweden","Åre / Are","to","Östersund Åre Airport (OSD) -> Åre / Are","missing","city"
"Arendal","1","Norway","Arendal","to","Oslo Gardermoen Airport (OSL) -> Arendal","missing","city"
"Arjeplog","1","Sweden","Arjeplog","to","Luleå Airport (LLA) -> Arjeplog","missing","city"
"Armenochori","1","Cyprus","Armenochori","to","Larnaca Airport (LCA) -> Armenochori","missing","city"
"Ås","1","Norway","Ås","to","Oslo Gardermoen Airport (OSL) -> Ås","missing","city"
"Asker town","1","Norway","Asker town","to","Oslo Gardermoen Airport (OSL) -> Asker town","missing","city"
"Asomatos","1","Cyprus","Asomatos","to","Larnaca Airport (LCA) -> Asomatos","missing","city"
"Avakas Bay","1","Cyprus","Avakas Bay","to","Larnaca Airport (LCA) -> Avakas Bay","missing","city"
"Avdimou","1","Cyprus","Avdimou","to","Larnaca Airport (LCA) -> Avdimou","missing","city"
"Avgorou","1","Cyprus","Avgorou","to","Larnaca Airport (LCA) -> Avgorou","missing","city"
"Azov","1","Russia","Azov","to","Rostov-on-Don Platov Airport (ROV) -> Azov","missing","city"
"Bærum","1","Norway","Bærum","to","Oslo Gardermoen Airport (OSL) -> Bærum","missing","city"
"Barnaul","1","Russia","Barnaul","to","Barnaul Airport (BAX) -> Barnaul","missing","city"
"Bataysk","1","Russia","Bataysk","to","Rostov-on-Don Platov Airport (ROV) -> Bataysk","missing","city"
"Beitostølen (Beitostolen)","1","Norway","Beitostølen (Beitostolen)","to","Oslo Gardermoen Airport (OSL) -> Beitostølen (Beitostolen)","missing","city"
"Bergen City","1","Norway","Bergen City","to","Oslo Gardermoen Airport (OSL) -> Bergen City","missing","city"
"Blanes","1","Spain","Blanes","to","Barcelona El Prat Airport (BCN) -> Blanes","missing","city"
"Boden","1","Sweden","Boden","to","Luleå Airport (LLA) -> Boden","missing","city"
"Boliden","1","Sweden","Boliden","to","Luleå Airport (LLA) -> Boliden","missing","city"
"Borås / Boras","1","Sweden","Borås / Boras","to","Gothenburg Landvetter Airport (GOT) -> Borås / Boras","missing","city"
"Borgholm","1","Sweden","Borgholm","to","Kalmar Airport (KLR) -> Borgholm","missing","city"
"Burgas","1","Bulgaria","Burgas","to","Varna Airport (VAR) -> Burgas","missing","city"
"Canggu","1","Indonesia","Canggu","to","Denpasar Ngurah Rai Airport (DPS) -> Canggu","missing","city"
"Cape Town","1","South Africa","Cape Town","to","Cape Town International Airport (CPT) -> Cape Town","missing","city"
"Cherepovets","1","Russia","Cherepovets","to","Cherepovets Airport (CEE) -> Cherepovets","missing","city"
"Chloraka","1","Cyprus","Chloraka","to","Larnaca Airport (LCA) -> Chloraka","missing","city"
"Chlorakas","1","Cyprus","Chlorakas","to","Paphos Airport (PFO) -> Chlorakas","missing","city"
"City of Dream","1","Cyprus","City of Dream","to","Larnaca Airport (LCA) -> City of Dream","missing","city"
"Dali","1","Cyprus","Dali","to","Larnaca Airport (LCA) -> Dali","missing","city"
"Denver","1","United States of America","Denver","to","Denver International Airport (DEN) -> Denver","missing","city"
"Derynia","1","Cyprus","Derynia","to","Larnaca Airport (LCA) -> Derynia","missing","city"
"Dierona","1","Cyprus","Dierona","to","Larnaca Airport (LCA) -> Dierona","missing","city"
"Dnipro","1","Ukraine","Dnipro","to","Dnipropetrovsk International Airport (DNK) -> Dnipro","missing","city"
"Drammen","1","Norway","Drammen","to","Oslo Gardermoen Airport (OSL) -> Drammen","missing","city"
"Drøbak town","1","Norway","Drøbak town","to","Oslo Gardermoen Airport (OSL) -> Drøbak town","missing","city"
"Enebakk","1","Norway","Enebakk","to","Oslo Gardermoen Airport (OSL) -> Enebakk","missing","city"
"Episkopi","1","Cyprus","Episkopi","to","Larnaca Airport (LCA) -> Episkopi","missing","city"
"Erimi","1","Cyprus","Erimi","to","Larnaca Airport (LCA) -> Erimi","missing","city"
"Fagerstrand","1","Norway","Fagerstrand","to","Oslo Gardermoen Airport (OSL) -> Fagerstrand","missing","city"
"Fasoula","1","Cyprus","Fasoula","to","Larnaca Airport (LCA) -> Fasoula","missing","city"
"Fetsund","1","Norway","Fetsund","to","Oslo Gardermoen Airport (OSL) -> Fetsund","missing","city"
"Finikaria","1","Cyprus","Finikaria","to","Larnaca Airport (LCA) -> Finikaria","missing","city"
"Flateby","1","Norway","Flateby","to","Oslo Gardermoen Airport (OSL) -> Flateby","missing","city"
"Freiburg im Breisgau","1","France","Freiburg im Breisgau","to","EuroAirport Basel Mulhouse Freiburg (MLH, BSL, EA -> Freiburg im Breisgau","missing","city"
"FUN&SUN FAMILY Albatros Palace","1","Egypt","FUN&SUN FAMILY Albatros Palace","to","Sharm el-Sheikh International Airport (SSH) -> FUN&SUN FAMILY Albatros Palace","missing","city"
"Geilo, Norway","1","Norway","Geilo, Norway","to","Oslo Gardermoen Airport (OSL) -> Geilo, Norway","missing","city"
"Geiranger","1","Norway","Geiranger","to","Oslo Gardermoen Airport (OSL) -> Geiranger","missing","city"
"Gerasa","1","Cyprus","Gerasa","to","Larnaca Airport (LCA) -> Gerasa","missing","city"
"Gioliu","1","Cyprus","Gioliu","to","Paphos Airport (PFO) -> Gioliu","missing","city"
"Hafjell (ski resort)","1","Norway","Hafjell (ski resort)","to","Oslo Gardermoen Airport (OSL) -> Hafjell (ski resort)","missing","hotel_resort"
"Halden","1","Norway","Halden","to","Oslo Gardermoen Airport (OSL) -> Halden","missing","city"
"Hamar","1","Norway","Hamar","to","Oslo Gardermoen Airport (OSL) -> Hamar","missing","city"
"Harads","1","Sweden","Harads","to","Luleå Airport (LLA) -> Harads","missing","city"
"Hemsedal","1","Norway","Hemsedal","to","Oslo Gardermoen Airport (OSL) -> Hemsedal","missing","city"
"Hønefoss","1","Norway","Hønefoss","to","Oslo Gardermoen Airport (OSL) -> Hønefoss","missing","city"
"Horsens","1","Denmark","Aarhus","to","Billund Airport (BLL) -> Horsens","missing","city"
"Huskvarna","1","Sweden","Huskvarna","to","Gothenburg Landvetter Airport (GOT) -> Huskvarna","missing","city"
"Innotelli, Helsinki, Finland","1","Finland","Innotelli, Helsinki, Finland","to","Helsinki Vantaa airport (HEL) -> Innotelli, Helsinki, Finland","missing","city"
"Ipsonas","1","Cyprus","Ipsonas","to","Larnaca Airport (LCA) -> Ipsonas","missing","city"
"Jonköping / Jonkoping","1","Sweden","Jonköping / Jonkoping","to","Gothenburg Landvetter Airport (GOT) -> Jonköping / Jonkoping","missing","city"
"Jukkasjärvi","1","Sweden","Jukkasjärvi","to","Kiruna Airport (KRN) -> Jukkasjärvi","missing","city"
"Kaivonkatsojantie, Helsinki","1","Finland","Kaivonkatsojantie, Helsinki","to","Helsinki Vantaa airport (HEL) -> Kaivonkatsojantie, Helsinki","missing","city"
"Kakopetria","1","Cyprus","Kakopetria","to","Larnaca Airport (LCA) -> Kakopetria","missing","city"
"Kalmar","1","Sweden","Kalmar","to","Kalmar Airport (KLR) -> Kalmar","missing","city"
"Kalo Chorio Limassol","1","Cyprus","Kalo Chorio Limassol","to","Larnaca Airport (LCA) -> Kalo Chorio Limassol","missing","city"
"Kalopanagiotis","1","Cyprus","Kalopanagiotis","to","Larnaca Airport (LCA) -> Kalopanagiotis","missing","city"
"Karlskrona","1","Sweden","Karlskrona","to","Ronneby Airport (RNB) -> Karlskrona","missing","city"
"Katikas","1","Cyprus","Katikas","to","Paphos Airport (PFO) -> Katikas","missing","city"
"Kelaki","1","Cyprus","Kelaki","to","Larnaca Airport (LCA) -> Kelaki","missing","city"
"Kolbotn","1","Norway","Kolbotn","to","Oslo Gardermoen Airport (OSL) -> Kolbotn","missing","city"
"Kongsberg","1","Norway","Kongsberg","to","Oslo Gardermoen Airport (OSL) -> Kongsberg","missing","city"
"Kongsvinger","1","Norway","Kongsvinger","to","Oslo Gardermoen Airport (OSL) -> Kongsvinger","missing","city"
"Kouklia","1","Cyprus","Kouklia","to","Paphos Airport (PFO) -> Kouklia","missing","city"
"Kristiansand","1","Norway","Kristiansand","to","Oslo Gardermoen Airport (OSL) -> Kristiansand","missing","city"
"Kristianstad","1","Sweden","Kristianstad","to","Ronneby Airport (RNB) -> Kristianstad","missing","city"
"Kropyvnytskyi","1","Ukraine","Kropyvnytskyi","to","Kropyvnytskyi Airport (KGO) -> Kropyvnytskyi","missing","city"
"Kungälv / Kungalv","1","Sweden","Kungälv / Kungalv","to","Gothenburg Landvetter Airport (GOT) -> Kungälv / Kungalv","missing","city"
"Kungsbacka","1","Sweden","Kungsbacka","to","Gothenburg Landvetter Airport (GOT) -> Kungsbacka","missing","city"
"Kvitfjell stasjon, Kvitfjellvegen, Ringebu","1","Norway","Kvitfjell stasjon, Kvitfjellvegen, Ringebu","to","Oslo Gardermoen Airport (OSL) -> Kvitfjell stasjon, Kvitfjellvegen, Ringebu","missing","city"
"Kykkos","1","Cyprus","Kykkos","to","Larnaca Airport (LCA) -> Kykkos","missing","city"
"Kyperounta","1","Cyprus","Kyperounta","to","Larnaca Airport (LCA) -> Kyperounta","missing","city"
"Landskrona","1","Sweden","Landskrona","to","Malmö Sturup Airport (MMX) -> Landskrona","missing","city"
"Langhus","1","Norway","Langhus","to","Oslo Gardermoen Airport (OSL) -> Langhus","missing","city"
"Larvik","1","Norway","Larvik","to","Oslo Gardermoen Airport (OSL) -> Larvik","missing","city"
"Leykara","1","Cyprus","Leykara","to","Larnaca Airport (LCA) -> Leykara","missing","city"
"Lillehammer","1","Norway","Lillehammer","to","Oslo Gardermoen Airport (OSL) -> Lillehammer","missing","city"
"Lillestrøm","1","Norway","Lillestrøm","to","Oslo Gardermoen Airport (OSL) -> Lillestrøm","missing","city"
"Linköping","1","Sweden","Linköping","to","Linköping Airport (LPI) -> Linköping","missing","city"
"Liopetri","1","Cyprus","Liopetri","to","Larnaca Airport (LCA) -> Liopetri","missing","city"
"Lisbon","1","Portugal","Lisbon","to","Lisbon Airport (LIS) -> Lisbon","missing","city"
"Livingstone","1","Zambia","Livingstone","to","Harry Mwanga Nkumbula International Airport (LVI) -> Livingstone","missing","city"
"Lørenskog","1","Norway","Lørenskog","to","Oslo Gardermoen Airport (OSL) -> Lørenskog","missing","city"
"Lund","1","Sweden","Lund","to","Malmö Sturup Airport (MMX) -> Lund","missing","city"
"Lysaker, IT Fornebu, Snaroya (Oslo)","1","Norway","Lysaker, IT Fornebu, Snaroya (Oslo)","to","Oslo Gardermoen Airport (OSL) -> Lysaker, IT Fornebu, Snaroya (Oslo)","missing","city"
"Managri","1","Cyprus","Managri","to","Larnaca Airport (LCA) -> Managri","missing","city"
"Marstrand","1","Sweden","Marstrand","to","Gothenburg Landvetter Airport (GOT) -> Marstrand","missing","city"
"Mazotos","1","Cyprus","Mazotos","to","Larnaca Airport (LCA) -> Mazotos","missing","city"
"Mulhouse","1","France","Mulhouse","to","EuroAirport Basel Mulhouse Freiburg (MLH, BSL, EA -> Mulhouse","missing","city"
"Nesoddtangen","1","Norway","Nesoddtangen","to","Oslo Gardermoen Airport (OSL) -> Nesoddtangen","missing","city"
"Nesøya / Nesbru","1","Norway","Nesøya / Nesbru","to","Oslo Gardermoen Airport (OSL) -> Nesøya / Nesbru","missing","city"
"Nikolaev (Mykolaiv)","1","Ukraine","Nikolaev (Mykolaiv)","to","Nicolaev (Mykolaiv) International Airport (NLV) -> Nikolaev (Mykolaiv)","missing","city"
"Nittedal","1","Norway","Nittedal","to","Oslo Gardermoen Airport (OSL) -> Nittedal","missing","city"
"Norefjell","1","Norway","Norefjell","to","Oslo Gardermoen Airport (OSL) -> Norefjell","missing","city"
"Novocherkassk","1","Russia","Novocherkassk","to","Rostov-on-Don Platov Airport (ROV) -> Novocherkassk","missing","city"
"Novosibirsk","1","Russia","Novosibirsk","to","Novosibirsk Tolmachevo Airport (OVB) -> Novosibirsk","missing","city"
"Odou","1","Cyprus","Odou","to","Larnaca Airport (LCA) -> Odou","missing","city"
"Olympus","1","Cyprus","Olympus","to","Larnaca Airport (LCA) -> Olympus","missing","city"
"Omodos","1","Cyprus","Omodos","to","Larnaca Airport (LCA) -> Omodos","missing","city"
"Omonia","1","Cyprus","Omonia","to","Larnaca Airport (LCA) -> Omonia","missing","city"
"Oppegård","1","Norway","Oppegård","to","Oslo Gardermoen Airport (OSL) -> Oppegård","missing","city"
"Orchid","1","Cyprus","Orchid","to","Larnaca Airport (LCA) -> Orchid","missing","city"
"Örebro / Orebro","1","Sweden","Örebro / Orebro","to","Örebro airport (ORB) -> Örebro / Orebro","missing","city"
"Oslo Winter Park","1","Norway","Oslo Winter Park","to","Oslo Gardermoen Airport (OSL) -> Oslo Winter Park","missing","city"
"Östersund","1","Sweden","Östersund","to","Östersund Åre Airport (OSD) -> Östersund","missing","city"
"Padang Bai","1","Indonesia","Padang Bai","to","Denpasar Ngurah Rai Airport (DPS) -> Padang Bai","missing","city"
"Palodia","1","Cyprus","Palodia","to","Larnaca Airport (LCA) -> Palodia","missing","city"
"Pano Ardes","1","Cyprus","Pano Ardes","to","Paphos Airport (PFO) -> Pano Ardes","missing","city"
"Paramali","1","Cyprus","Paramali","to","Larnaca Airport (LCA) -> Paramali","missing","city"
"Paramytha","1","Cyprus","Paramytha","to","Larnaca Airport (LCA) -> Paramytha","missing","city"
"Piteå / Pitea","1","Sweden","Piteå / Pitea","to","Luleå Airport (LLA) -> Piteå / Pitea","missing","city"
"Platres","1","Cyprus","Platres","to","Larnaca Airport (LCA) -> Platres","missing","city"
"Polemidia","1","Cyprus","Polemidia","to","Larnaca Airport (LCA) -> Polemidia","missing","city"
"Poltava","1","Ukraine","Poltava","to","Poltava Airport (PLV) -> Poltava","missing","city"
"Rygge","1","Norway","Rygge","to","Oslo Gardermoen Airport (OSL) -> Rygge","missing","city"
"Sandvika","1","Norway","Sandvika","to","Oslo Gardermoen Airport (OSL) -> Sandvika","missing","city"
"Seychelles","1","Seychelles","Seychelles","to","Seychelles International Airport (SEZ) -> Seychelles","missing","city"
"Shekvetili","1","Georgia","Shekvetili","to","Alexander Kartveli Batumi Airport (BUS) -> Shekvetili","missing","city"
"Siggerud","1","Norway","Siggerud","to","Oslo Gardermoen Airport (OSL) -> Siggerud","missing","city"
"Signagi","1","Georgia","Signagi","to","Tbilisi Shota Rustaveli Airport (TBS) -> Signagi","missing","city"
"Silkeborg","1","Denmark","Aarhus","to","Billund Airport (BLL) -> Silkeborg","missing","city"
"Ski, Norway","1","Norway","Ski, Norway","to","Oslo Gardermoen Airport (OSL) -> Ski, Norway","missing","city"
"Skjetten","1","Norway","Skjetten","to","Oslo Gardermoen Airport (OSL) -> Skjetten","missing","city"
"Sofiemyr","1","Norway","Sofiemyr","to","Oslo Gardermoen Airport (OSL) -> Sofiemyr","missing","city"
"Son","1","Norway","Son","to","Oslo Gardermoen Airport (OSL) -> Son","missing","city"
"Sotira","1","Cyprus","Sotira","to","Larnaca Airport (LCA) -> Sotira","missing","city"
"Stavanger","1","Norway","Stavanger","to","Oslo Gardermoen Airport (OSL) -> Stavanger","missing","city"
"Strømmen","1","Norway","Strømmen","to","Oslo Gardermoen Airport (OSL) -> Strømmen","missing","city"
"Sundsvall","1","Sweden","Sundsvall","to","Sundsvall Airport (SDL) -> Sundsvall","missing","city"
"Taganrog","1","Russia","Taganrog","to","Rostov-on-Don Platov Airport (ROV) -> Taganrog","missing","city"
"Tersefanou","1","Cyprus","Tersefanou","to","Larnaca Airport (LCA) -> Tersefanou","missing","city"
"Toronto","1","Canada","Toronto","to","Toronto Lester B. Pearson Airport (YYZ) -> Toronto","missing","city"
"Trachoni","1","Cyprus","Trachoni","to","Larnaca Airport (LCA) -> Trachoni","missing","city"
"Trelleborg","1","Sweden","Trelleborg","to","Malmö Sturup Airport (MMX) -> Trelleborg","missing","city"
"Trimiklini","1","Cyprus","Trimiklini","to","Larnaca Airport (LCA) -> Trimiklini","missing","city"
"Trollhättan","1","Sweden","Trollhättan","to","Gothenburg Landvetter Airport (GOT) -> Trollhättan","missing","city"
"Troodos","1","Cyprus","Troodos","to","Larnaca Airport (LCA) -> Troodos","missing","city"
"Trysil","1","Norway","Trysil","to","Oslo Gardermoen Airport (OSL) -> Trysil","missing","city"
"Tseri","1","Cyprus","Tseri","to","Larnaca Airport (LCA) -> Tseri","missing","city"
"Uzhhorod","1","Ukraine","Uzhhorod","to","Uzhhorod International Airport (UDJ) -> Uzhhorod","missing","city"
"Vantaa city, Finland","1","Finland","Vantaa city, Finland","to","Helsinki Vantaa airport (HEL) -> Vantaa city, Finland","missing","city"
"Vavatsinia","1","Cyprus","Vavatsinia","to","Larnaca Airport (LCA) -> Vavatsinia","missing","city"
"Vestby","1","Norway","Vestby","to","Oslo Gardermoen Airport (OSL) -> Vestby","missing","city"
"Vinnytsia","1","Ukraine","Vinnytsia","to","Havryshivka Vinnytsia International Airport (VIN) -> Vinnytsia","missing","city"
"Vyborg","1","Russia","Vyborg","to","Saint-Petersburg Pulkovo Airport (LED) -> Vyborg","missing","city"
"Vyzakia","1","Cyprus","Vyzakia","to","Larnaca Airport (LCA) -> Vyzakia","missing","city"
"Xylofagou","1","Cyprus","Xylofagou","to","Larnaca Airport (LCA) -> Xylofagou","missing","city"
"Ystad","1","Sweden","Ystad","to","Malmö Sturup Airport (MMX) -> Ystad","missing","city"
"Zakaki","1","Cyprus","Zakaki","to","Larnaca Airport (LCA) -> Zakaki","missing","city"
"Zanzibar","1","Tanzania","Zanzibar","to","Abeid Amani Karume International Airport (ZNZ) -> Zanzibar","missing","city"
"Zhytomyr","1","Ukraine","Zhytomyr","to","Zhytomyr International Airport (ZTR) -> Zhytomyr","missing","city"
"Zigi","1","Cyprus","Zigi","to","Larnaca Airport (LCA) -> Zigi","missing","city"
"Zoopigi","1","Cyprus","Zoopigi","to","Larnaca Airport (LCA) -> Zoopigi","missing","city"
"Zurich","1","Switzerland","Zurich","to","Zurich Airport (ZRH) -> Zurich","missing","city"